{
    "key": "group_557b163031036",
    "title": "On Page Sidebars",
    "fields": [
        {
            "key": "field_539862c696c46",
            "label": "Sidebar 1",
            "name": "sidebar_1",
            "type": "flexible_content",
            "instructions": "",
            "required": 0,
            "conditional_logic": 0,
            "wrapper": {
                "width": "",
                "class": "",
                "id": ""
            },
            "button_label": "Add Element",
            "min": "",
            "max": "",
            "layouts": [
                {
                    "key": "557b163034f57",
                    "name": "button",
                    "label": "Button",
                    "display": "row",
                    "sub_fields": [
                        {
                            "key": "field_55c88bbf2b1f0",
                            "label": "Multi Option Button Dropdown",
                            "name": "multi_option_button_dropdown",
                            "type": "true_false",
                            "instructions": "",
                            "required": 0,
                            "conditional_logic": 0,
                            "wrapper": {
                                "width": "",
                                "class": "",
                                "id": ""
                            },
                            "message": "",
                            "default_value": 0
                        },
                        {
                            "key": "field_539862fa96c47",
                            "label": "Button Text",
                            "name": "button_text",
                            "type": "text",
                            "instructions": "",
                            "required": 0,
                            "conditional_logic": 0,
                            "wrapper": {
                                "width": "",
                                "class": "",
                                "id": ""
                            },
                            "default_value": "",
                            "placeholder": "",
                            "prepend": "",
                            "append": "",
                            "formatting": "none",
                            "maxlength": "",
                            "readonly": 0,
                            "disabled": 0
                        },
                        {
                            "key": "field_539f6a270a9f6",
                            "label": "Button link type",
                            "name": "button_link_type",
                            "type": "radio",
                            "instructions": "",
                            "required": 0,
                            "conditional_logic": 0,
                            "wrapper": {
                                "width": "",
                                "class": "",
                                "id": ""
                            },
                            "choices": {
                                "Custom": "Custom",
                                "Link to form": "Link to form",
                                "Use as third party integration Link": "Use as third party integration Link"
                            },
                            "other_choice": 0,
                            "save_other_choice": 0,
                            "default_value": "",
                            "layout": "vertical"
                        },
                        {
                            "key": "field_5614fbf3fe02e",
                            "label": "Third party",
                            "name": "third_party",
                            "type": "radio",
                            "instructions": "",
                            "required": 0,
                            "conditional_logic": [
                                [
                                    {
                                        "field": "field_539f6a270a9f6",
                                        "operator": "==",
                                        "value": "Use as third party integration Link"
                                    }
                                ]
                            ],
                            "wrapper": {
                                "width": "",
                                "class": "",
                                "id": ""
                            },
                            "choices": [],
                            "other_choice": 0,
                            "save_other_choice": 0,
                            "default_value": "",
                            "layout": "horizontal"
                        },
                        {
                            "key": "field_5398630296c48",
                            "label": "Custom Button Link",
                            "name": "custom_button_link",
                            "type": "text",
                            "instructions": "",
                            "required": 0,
                            "conditional_logic": [
                                [
                                    {
                                        "field": "field_55c88bbf2b1f0",
                                        "operator": "!=",
                                        "value": "1"
                                    },
                                    {
                                        "field": "field_539f6a270a9f6",
                                        "operator": "==",
                                        "value": "Custom"
                                    }
                                ],
                                [
                                    {
                                        "field": "field_55c88bbf2b1f0",
                                        "operator": "!=",
                                        "value": "1"
                                    },
                                    {
                                        "field": "field_539f6a270a9f6",
                                        "operator": "==",
                                        "value": "Use as third party integration Link"
                                    }
                                ]
                            ],
                            "wrapper": {
                                "width": "",
                                "class": "",
                                "id": ""
                            },
                            "default_value": "",
                            "placeholder": "http:\/\/",
                            "prepend": "",
                            "append": "",
                            "maxlength": "",
                            "readonly": 0,
                            "disabled": 0
                        },
                        {
                            "key": "field_55c88c72c96ca",
                            "label": "Button Sub Options",
                            "name": "button_sub_options",
                            "type": "repeater",
                            "instructions": "",
                            "required": 0,
                            "conditional_logic": [
                                [
                                    {
                                        "field": "field_55c88bbf2b1f0",
                                        "operator": "==",
                                        "value": "1"
                                    }
                                ]
                            ],
                            "wrapper": {
                                "width": "",
                                "class": "",
                                "id": ""
                            },
                            "min": "",
                            "max": "",
                            "layout": "row",
                            "button_label": "Add Sub Option",
                            "sub_fields": [
                                {
                                    "key": "field_55c88caec96cb",
                                    "label": "Button Text",
                                    "name": "button_text",
                                    "type": "text",
                                    "instructions": "",
                                    "required": 0,
                                    "conditional_logic": 0,
                                    "wrapper": {
                                        "width": "",
                                        "class": "",
                                        "id": ""
                                    },
                                    "default_value": "",
                                    "placeholder": "",
                                    "prepend": "",
                                    "append": "",
                                    "maxlength": "",
                                    "readonly": 0,
                                    "disabled": 0
                                },
                                {
                                    "key": "field_55c88cbfc96cc",
                                    "label": "Link",
                                    "name": "link",
                                    "type": "text",
                                    "instructions": "",
                                    "required": 0,
                                    "conditional_logic": 0,
                                    "wrapper": {
                                        "width": "",
                                        "class": "",
                                        "id": ""
                                    },
                                    "default_value": "",
                                    "placeholder": "http:\/\/",
                                    "prepend": "",
                                    "append": "",
                                    "maxlength": "",
                                    "readonly": 0,
                                    "disabled": 0
                                }
                            ]
                        },
                        {
                            "key": "field_55fc26474e9d8",
                            "label": "CTA onclick",
                            "name": "cta_onclick",
                            "type": "text",
                            "instructions": "",
                            "required": 0,
                            "conditional_logic": 0,
                            "wrapper": {
                                "width": "",
                                "class": "",
                                "id": ""
                            },
                            "default_value": "",
                            "placeholder": "",
                            "prepend": "",
                            "append": "",
                            "maxlength": "",
                            "readonly": 0,
                            "disabled": 0
                        },
                        {
                            "key": "field_53c57e392fa4e",
                            "label": "Button radius",
                            "name": "button_radius",
                            "type": "number",
                            "instructions": "",
                            "required": 0,
                            "conditional_logic": 0,
                            "wrapper": {
                                "width": "",
                                "class": "",
                                "id": ""
                            },
                            "default_value": "",
                            "placeholder": "",
                            "prepend": "",
                            "append": "",
                            "min": "",
                            "max": "",
                            "step": 1,
                            "readonly": 0,
                            "disabled": 0
                        },
                        {
                            "key": "field_5398631e96c49",
                            "label": "Reason to Book 1",
                            "name": "reason_to_book_1",
                            "type": "text",
                            "instructions": "",
                            "required": 0,
                            "conditional_logic": 0,
                            "wrapper": {
                                "width": "",
                                "class": "",
                                "id": ""
                            },
                            "default_value": "",
                            "placeholder": "",
                            "prepend": "",
                            "append": "",
                            "formatting": "none",
                            "maxlength": "",
                            "readonly": 0,
                            "disabled": 0
                        },
                        {
                            "key": "field_5398633696c4a",
                            "label": "Reason to Book 2",
                            "name": "reason_to_book_2",
                            "type": "text",
                            "instructions": "",
                            "required": 0,
                            "conditional_logic": 0,
                            "wrapper": {
                                "width": "",
                                "class": "",
                                "id": ""
                            },
                            "default_value": "",
                            "placeholder": "",
                            "prepend": "",
                            "append": "",
                            "formatting": "none",
                            "maxlength": "",
                            "readonly": 0,
                            "disabled": 0
                        }
                    ],
                    "min": "",
                    "max": ""
                },
                {
                    "key": "557b16303fd44",
                    "name": "content_editor",
                    "label": "Content Editor",
                    "display": "row",
                    "sub_fields": [
                        {
                            "key": "field_5398636a96c4c",
                            "label": "Content",
                            "name": "content",
                            "type": "wysiwyg",
                            "instructions": "",
                            "required": 0,
                            "conditional_logic": 0,
                            "wrapper": {
                                "width": "",
                                "class": "",
                                "id": ""
                            },
                            "default_value": "",
                            "toolbar": "full",
                            "media_upload": 1,
                            "tabs": "all"
                        }
                    ],
                    "min": "",
                    "max": ""
                },
                {
                    "key": "557b163041c01",
                    "name": "text_area",
                    "label": "Text Area",
                    "display": "row",
                    "sub_fields": [
                        {
                            "key": "field_5398639196c4e",
                            "label": "Content",
                            "name": "content",
                            "type": "textarea",
                            "instructions": "",
                            "required": 0,
                            "conditional_logic": 0,
                            "wrapper": {
                                "width": "",
                                "class": "",
                                "id": ""
                            },
                            "default_value": "",
                            "placeholder": "",
                            "maxlength": "",
                            "rows": "",
                            "new_lines": "",
                            "readonly": 0,
                            "disabled": 0
                        }
                    ],
                    "min": "",
                    "max": ""
                }
            ]
        },
        {
            "key": "field_539863b6e7a5f",
            "label": "Sidebar 2",
            "name": "sidebar_2",
            "type": "flexible_content",
            "instructions": "",
            "required": 0,
            "conditional_logic": 0,
            "wrapper": {
                "width": "",
                "class": "",
                "id": ""
            },
            "button_label": "Add Element",
            "min": "",
            "max": "",
            "layouts": [
                {
                    "key": "557b16304715d",
                    "name": "content_editor",
                    "label": "Content Editor",
                    "display": "row",
                    "sub_fields": [
                        {
                            "key": "field_539863f2e7a60",
                            "label": "Content",
                            "name": "content",
                            "type": "wysiwyg",
                            "instructions": "",
                            "required": 0,
                            "conditional_logic": 0,
                            "wrapper": {
                                "width": "",
                                "class": "",
                                "id": ""
                            },
                            "default_value": "",
                            "toolbar": "full",
                            "media_upload": 1,
                            "tabs": "all"
                        },
                        {
                            "key": "field_539f6a8ea28da",
                            "label": "Linked to Button",
                            "name": "linked_to_button",
                            "type": "true_false",
                            "instructions": "",
                            "required": 0,
                            "conditional_logic": 0,
                            "wrapper": {
                                "width": "",
                                "class": "",
                                "id": ""
                            },
                            "message": "",
                            "default_value": 0
                        }
                    ],
                    "min": "",
                    "max": ""
                },
                {
                    "key": "557b16304a682",
                    "name": "text_area",
                    "label": "Text Area",
                    "display": "row",
                    "sub_fields": [
                        {
                            "key": "field_5398644de7a62",
                            "label": "Content",
                            "name": "content",
                            "type": "textarea",
                            "instructions": "",
                            "required": 0,
                            "conditional_logic": 0,
                            "wrapper": {
                                "width": "",
                                "class": "",
                                "id": ""
                            },
                            "default_value": "",
                            "placeholder": "",
                            "maxlength": "",
                            "rows": 5,
                            "new_lines": "",
                            "readonly": 0,
                            "disabled": 0
                        }
                    ],
                    "min": "",
                    "max": ""
                },
                {
                    "key": "557b16304c2b6",
                    "name": "testimonials",
                    "label": "Testimonials",
                    "display": "row",
                    "sub_fields": [
                        {
                            "key": "field_53986484e7a64",
                            "label": "Pull specific from",
                            "name": "pull_specific_from",
                            "type": "post_object",
                            "instructions": "",
                            "required": 0,
                            "conditional_logic": 0,
                            "wrapper": {
                                "width": "",
                                "class": "",
                                "id": ""
                            },
                            "post_type": [
                                "testimonial"
                            ],
                            "taxonomy": [],
                            "allow_null": 0,
                            "multiple": 0,
                            "return_format": "object",
                            "ui": 1
                        }
                    ],
                    "min": "",
                    "max": ""
                }
            ]
        }
    ],
    "location": [
        [
            {
                "param": "page_template",
                "operator": "==",
                "value": "default"
            }
        ],
        [
            {
                "param": "post_type",
                "operator": "==",
                "value": "tour"
            }
        ]
    ],
    "menu_order": 10,
    "position": "acf_after_title",
    "style": "seamless",
    "label_placement": "top",
    "instruction_placement": "label",
    "hide_on_screen": "",
    "modified": 1444215913
}