{
    "key": "group_557b16312e76c",
    "title": "Contact Page",
    "fields": [
        {
            "key": "field_552c2ca3ee197",
            "label": "Contact Sections",
            "name": "contact_sections",
            "type": "flexible_content",
            "instructions": "",
            "required": 0,
            "conditional_logic": 0,
            "wrapper": {
                "width": "",
                "class": "",
                "id": ""
            },
            "button_label": "Add Section",
            "min": "",
            "max": "",
            "layouts": [
                {
                    "key": "557b163133e96",
                    "name": "contact_details",
                    "label": "Contact Details",
                    "display": "row",
                    "sub_fields": [
                        {
                            "key": "field_552c2db4ee198",
                            "label": "Headline",
                            "name": "headline",
                            "type": "text",
                            "instructions": "",
                            "required": 0,
                            "conditional_logic": 0,
                            "wrapper": {
                                "width": "",
                                "class": "",
                                "id": ""
                            },
                            "default_value": "",
                            "placeholder": "",
                            "prepend": "",
                            "append": "",
                            "formatting": "none",
                            "maxlength": "",
                            "readonly": 0,
                            "disabled": 0
                        },
                        {
                            "key": "field_552c2dc3ee199",
                            "label": "List item",
                            "name": "list_item",
                            "type": "repeater",
                            "instructions": "",
                            "required": 0,
                            "conditional_logic": 0,
                            "wrapper": {
                                "width": "",
                                "class": "",
                                "id": ""
                            },
                            "collapsed": "",
                            "min": "",
                            "max": "",
                            "layout": "row",
                            "button_label": "Add List item",
                            "sub_fields": [
                                {
                                    "key": "field_552c2df0ee19a",
                                    "label": "Icons",
                                    "name": "icons",
                                    "type": "select",
                                    "instructions": "",
                                    "required": 0,
                                    "conditional_logic": 0,
                                    "wrapper": {
                                        "width": "",
                                        "class": "",
                                        "id": ""
                                    },
                                    "choices": {
                                        "Phone": "Phone",
                                        "Address": "Address",
                                        "Facebook": "Facebook",
                                        "Twitter": "Twitter",
                                        "Email": "Email",
                                        "Skype": "Skype",
                                        "Whatsapp": "Whatsapp"
                                    },
                                    "default_value": [],
                                    "allow_null": 1,
                                    "multiple": 0,
                                    "ui": 0,
                                    "ajax": 0,
                                    "placeholder": "",
                                    "disabled": 0,
                                    "readonly": 0
                                },
                                {
                                    "key": "field_552c2e1fee19b",
                                    "label": "Information",
                                    "name": "information",
                                    "type": "textarea",
                                    "instructions": "",
                                    "required": 0,
                                    "conditional_logic": 0,
                                    "wrapper": {
                                        "width": "",
                                        "class": "",
                                        "id": ""
                                    },
                                    "default_value": "",
                                    "placeholder": "",
                                    "maxlength": "",
                                    "rows": 5,
                                    "new_lines": "br",
                                    "readonly": 0,
                                    "disabled": 0
                                },
                                {
                                    "key": "field_552c2e40ee19c",
                                    "label": "Phone",
                                    "name": "phone",
                                    "type": "true_false",
                                    "instructions": "",
                                    "required": 0,
                                    "conditional_logic": 0,
                                    "wrapper": {
                                        "width": "",
                                        "class": "",
                                        "id": ""
                                    },
                                    "message": "",
                                    "default_value": 0
                                },
                                {
                                    "key": "field_552c2e5eee19d",
                                    "label": "Link",
                                    "name": "link",
                                    "type": "true_false",
                                    "instructions": "",
                                    "required": 0,
                                    "conditional_logic": 0,
                                    "wrapper": {
                                        "width": "",
                                        "class": "",
                                        "id": ""
                                    },
                                    "message": "",
                                    "default_value": 0
                                },
                                {
                                    "key": "field_552c2e88ee19e",
                                    "label": "URL",
                                    "name": "url",
                                    "type": "text",
                                    "instructions": "",
                                    "required": 0,
                                    "conditional_logic": [
                                        [
                                            {
                                                "field": "field_552c2e5eee19d",
                                                "operator": "==",
                                                "value": "1"
                                            }
                                        ]
                                    ],
                                    "wrapper": {
                                        "width": "",
                                        "class": "",
                                        "id": ""
                                    },
                                    "default_value": "",
                                    "placeholder": "http:\/\/",
                                    "prepend": "",
                                    "append": "",
                                    "formatting": "none",
                                    "maxlength": "",
                                    "readonly": 0,
                                    "disabled": 0
                                },
                                {
                                    "key": "field_552c2ed6ee19f",
                                    "label": "Email",
                                    "name": "email",
                                    "type": "true_false",
                                    "instructions": "",
                                    "required": 0,
                                    "conditional_logic": 0,
                                    "wrapper": {
                                        "width": "",
                                        "class": "",
                                        "id": ""
                                    },
                                    "message": "",
                                    "default_value": 0
                                },
                                {
                                    "key": "field_552c2ef3ee1a0",
                                    "label": "Skype",
                                    "name": "skype",
                                    "type": "true_false",
                                    "instructions": "",
                                    "required": 0,
                                    "conditional_logic": 0,
                                    "wrapper": {
                                        "width": "",
                                        "class": "",
                                        "id": ""
                                    },
                                    "message": "",
                                    "default_value": 0
                                }
                            ]
                        }
                    ],
                    "min": "",
                    "max": ""
                },
                {
                    "key": "557b16314381d",
                    "name": "map",
                    "label": "Map",
                    "display": "row",
                    "sub_fields": [
                        {
                            "key": "field_552c2f58ee1a2",
                            "label": "Headline",
                            "name": "headline",
                            "type": "text",
                            "instructions": "",
                            "required": 0,
                            "conditional_logic": 0,
                            "wrapper": {
                                "width": "",
                                "class": "",
                                "id": ""
                            },
                            "default_value": "",
                            "placeholder": "",
                            "prepend": "",
                            "append": "",
                            "formatting": "none",
                            "maxlength": "",
                            "readonly": 0,
                            "disabled": 0
                        },
                        {
                            "key": "field_552c2f6dee1a3",
                            "label": "Map Center Address",
                            "name": "map_center_address",
                            "type": "text",
                            "instructions": "",
                            "required": 0,
                            "conditional_logic": 0,
                            "wrapper": {
                                "width": "",
                                "class": "",
                                "id": ""
                            },
                            "default_value": "",
                            "placeholder": "",
                            "prepend": "",
                            "append": "",
                            "formatting": "none",
                            "maxlength": "",
                            "readonly": 0,
                            "disabled": 0
                        },
                        {
                            "key": "field_552c2f85ee1a4",
                            "label": "Zoom",
                            "name": "zoom",
                            "type": "number",
                            "instructions": "0 (farthest) to 21 (closest)",
                            "required": 0,
                            "conditional_logic": 0,
                            "wrapper": {
                                "width": "",
                                "class": "",
                                "id": ""
                            },
                            "default_value": 7,
                            "placeholder": "",
                            "prepend": "",
                            "append": "",
                            "min": 0,
                            "max": 21,
                            "step": 1,
                            "readonly": 0,
                            "disabled": 0
                        }
                    ],
                    "min": "",
                    "max": ""
                }
            ]
        },
        {
            "key": "field_552c1eb25d532",
            "label": "Right Column",
            "name": "right_column",
            "type": "wysiwyg",
            "instructions": "",
            "required": 0,
            "conditional_logic": 0,
            "wrapper": {
                "width": "",
                "class": "",
                "id": ""
            },
            "default_value": "",
            "toolbar": "full",
            "media_upload": 1,
            "tabs": "all"
        }
    ],
    "location": [
        [
            {
                "param": "page_template",
                "operator": "==",
                "value": "page-templates\/contact-page.php"
            }
        ]
    ],
    "menu_order": 1,
    "position": "acf_after_title",
    "style": "seamless",
    "label_placement": "top",
    "instruction_placement": "label",
    "hide_on_screen": "",
    "active": 1,
    "description": "",
    "modified": 1470413499
}