{
    "key": "group_557b16309a5a4",
    "title": "Page Sections",
    "fields": [
        {
            "key": "field_539b471841fc4",
            "label": "Sections",
            "name": "sections",
            "type": "flexible_content",
            "instructions": "",
            "required": 0,
            "conditional_logic": 0,
            "wrapper": {
                "width": "",
                "class": "",
                "id": ""
            },
            "button_label": "Add Section",
            "min": "",
            "max": "",
            "layouts": [
                {
                    "key": "557b16309df39",
                    "name": "featured_section",
                    "label": "Featured Section",
                    "display": "row",
                    "sub_fields": [
                        {
                            "key": "field_539b474e41fc5",
                            "label": "Headline",
                            "name": "headline",
                            "type": "text",
                            "instructions": "",
                            "required": 0,
                            "conditional_logic": 0,
                            "wrapper": {
                                "width": "",
                                "class": "",
                                "id": ""
                            },
                            "default_value": "",
                            "placeholder": "",
                            "prepend": "",
                            "append": "",
                            "formatting": "none",
                            "maxlength": "",
                            "readonly": 0,
                            "disabled": 0
                        },
                        {
                            "key": "field_539b475b41fc6",
                            "label": "Text Area",
                            "name": "text_area",
                            "type": "textarea",
                            "instructions": "",
                            "required": 0,
                            "conditional_logic": 0,
                            "wrapper": {
                                "width": "",
                                "class": "",
                                "id": ""
                            },
                            "default_value": "",
                            "placeholder": "",
                            "maxlength": "",
                            "rows": 5,
                            "new_lines": "br",
                            "readonly": 0,
                            "disabled": 0
                        }
                    ],
                    "min": "",
                    "max": ""
                }
            ]
        }
    ],
    "location": [
        [
            {
                "param": "page_template",
                "operator": "==",
                "value": "page-templates\/faq-page.php"
            }
        ],
        [
            {
                "param": "page_template",
                "operator": "==",
                "value": "page-templates\/guides-page.php"
            }
        ]
    ],
    "menu_order": 0,
    "position": "acf_after_title",
    "style": "seamless",
    "label_placement": "top",
    "instruction_placement": "label",
    "hide_on_screen": "",
    "modified": 1434277004
}