{
    "key": "group_557b1631a7159",
    "title": "Default Page",
    "fields": [
        {
            "key": "field_53bfe98992bcc",
            "label": "Content",
            "name": "content",
            "type": "repeater",
            "instructions": "",
            "required": 0,
            "conditional_logic": 0,
            "wrapper": {
                "width": "",
                "class": "",
                "id": ""
            },
            "row_min": "",
            "row_limit": "",
            "layout": "row",
            "button_label": "Add Row",
            "min": 0,
            "max": 0,
            "sub_fields": [
                {
                    "key": "field_53bfe99f92bcd",
                    "label": "Headline",
                    "name": "headline",
                    "type": "text",
                    "instructions": "",
                    "required": 0,
                    "conditional_logic": 0,
                    "wrapper": {
                        "width": "",
                        "class": "",
                        "id": ""
                    },
                    "default_value": "",
                    "placeholder": "",
                    "prepend": "",
                    "append": "",
                    "formatting": "none",
                    "maxlength": "",
                    "readonly": 0,
                    "disabled": 0
                },
                {
                    "key": "field_53bfe9ab92bce",
                    "label": "Image embed options",
                    "name": "image_embed_options",
                    "type": "radio",
                    "instructions": "",
                    "required": 0,
                    "conditional_logic": 0,
                    "wrapper": {
                        "width": "",
                        "class": "",
                        "id": ""
                    },
                    "choices": {
                        "Left": "Left",
                        "Right": "Right"
                    },
                    "other_choice": 0,
                    "save_other_choice": 0,
                    "default_value": "",
                    "layout": "vertical"
                },
                {
                    "key": "field_53bfe9d192bcf",
                    "label": "Image",
                    "name": "image",
                    "type": "image",
                    "instructions": "",
                    "required": 0,
                    "conditional_logic": 0,
                    "wrapper": {
                        "width": "",
                        "class": "",
                        "id": ""
                    },
                    "preview_size": "thumbnail",
                    "library": "uploadedTo",
                    "return_format": "id",
                    "min_width": 0,
                    "min_height": 0,
                    "min_size": 0,
                    "max_width": 0,
                    "max_height": 0,
                    "max_size": 0,
                    "mime_types": ""
                },
                {
                    "key": "field_53bfe9f092bd0",
                    "label": "Content Editor",
                    "name": "content_editor",
                    "type": "wysiwyg",
                    "instructions": "",
                    "required": 0,
                    "conditional_logic": 0,
                    "wrapper": {
                        "width": "",
                        "class": "",
                        "id": ""
                    },
                    "default_value": "",
                    "toolbar": "full",
                    "media_upload": 0,
                    "tabs": "all"
                }
            ],
            "collapsed": ""
        }
    ],
    "location": [
        [
            {
                "param": "page_template",
                "operator": "==",
                "value": "default"
            }
        ]
    ],
    "menu_order": 8,
    "position": "acf_after_title",
    "style": "seamless",
    "label_placement": "top",
    "instruction_placement": "label",
    "hide_on_screen": [
        "permalink",
        "the_content",
        "excerpt",
        "custom_fields",
        "discussion",
        "comments",
        "slug",
        "author",
        "format",
        "featured_image",
        "categories",
        "tags",
        "send-trackbacks"
    ],
    "active": 1,
    "description": "",
    "modified": 1452697158
}