{
    "key": "group_557b16304f56b",
    "title": "Options: Code snippets",
    "fields": [
        {
            "key": "field_54e6138687d23",
            "label": "Head snippets",
            "name": "head_snippets",
            "type": "repeater",
            "instructions": "",
            "required": 0,
            "conditional_logic": 0,
            "wrapper": {
                "width": "",
                "class": "",
                "id": ""
            },
            "row_min": "",
            "row_limit": "",
            "layout": "row",
            "button_label": "Add Snippet",
            "min": 0,
            "max": 0,
            "sub_fields": [
                {
                    "key": "field_54e613c087d24",
                    "label": "Snippet",
                    "name": "snippet",
                    "type": "textarea",
                    "instructions": "",
                    "required": 0,
                    "conditional_logic": 0,
                    "wrapper": {
                        "width": "",
                        "class": "",
                        "id": ""
                    },
                    "default_value": "",
                    "placeholder": "",
                    "maxlength": "",
                    "rows": "",
                    "new_lines": "",
                    "readonly": 0,
                    "disabled": 0
                }
            ]
        },
        {
            "key": "field_54e6140236028",
            "label": "Body snippets",
            "name": "body_snippets",
            "type": "repeater",
            "instructions": "",
            "required": 0,
            "conditional_logic": 0,
            "wrapper": {
                "width": "",
                "class": "",
                "id": ""
            },
            "row_min": "",
            "row_limit": "",
            "layout": "row",
            "button_label": "Add Snippet",
            "min": 0,
            "max": 0,
            "sub_fields": [
                {
                    "key": "field_54e6143c36029",
                    "label": "Snippet",
                    "name": "snippet",
                    "type": "textarea",
                    "instructions": "",
                    "required": 0,
                    "conditional_logic": 0,
                    "wrapper": {
                        "width": "",
                        "class": "",
                        "id": ""
                    },
                    "default_value": "",
                    "placeholder": "",
                    "maxlength": "",
                    "rows": "",
                    "new_lines": "",
                    "readonly": 0,
                    "disabled": 0
                }
            ]
        },
        {
            "key": "field_54e614673602a",
            "label": "Footer snippets",
            "name": "footer_snippets",
            "type": "repeater",
            "instructions": "",
            "required": 0,
            "conditional_logic": 0,
            "wrapper": {
                "width": "",
                "class": "",
                "id": ""
            },
            "row_min": "",
            "row_limit": "",
            "layout": "row",
            "button_label": "Add Snippet",
            "min": 0,
            "max": 0,
            "sub_fields": [
                {
                    "key": "field_54e614a73602b",
                    "label": "Snippet",
                    "name": "snippet",
                    "type": "textarea",
                    "instructions": "",
                    "required": 0,
                    "conditional_logic": 0,
                    "wrapper": {
                        "width": "",
                        "class": "",
                        "id": ""
                    },
                    "default_value": "",
                    "placeholder": "",
                    "maxlength": "",
                    "rows": "",
                    "new_lines": "",
                    "readonly": 0,
                    "disabled": 0
                }
            ]
        }
    ],
    "location": [
        [
            {
                "param": "options_page",
                "operator": "==",
                "value": "acf-options-code-snippets"
            }
        ]
    ],
    "menu_order": 0,
    "position": "normal",
    "style": "seamless",
    "label_placement": "top",
    "instruction_placement": "label",
    "hide_on_screen": "",
    "modified": 1434277742
}