{
    "key": "group_557b16315b597",
    "title": "Guides Page",
    "fields": [
        {
            "key": "field_539c4676e7661",
            "label": "Guides Sections",
            "name": "guides_sections",
            "type": "flexible_content",
            "instructions": "",
            "required": 0,
            "conditional_logic": 0,
            "wrapper": {
                "width": "",
                "class": "",
                "id": ""
            },
            "button_label": "Add Section",
            "min": "",
            "max": "",
            "layouts": [
                {
                    "key": "557b16315f067",
                    "name": "team",
                    "label": "Team",
                    "display": "row",
                    "sub_fields": [
                        {
                            "key": "field_539c46afe7662",
                            "label": "Tiles",
                            "name": "tiles",
                            "type": "repeater",
                            "instructions": "",
                            "required": 0,
                            "conditional_logic": 0,
                            "wrapper": {
                                "width": "",
                                "class": "",
                                "id": ""
                            },
                            "row_min": "",
                            "row_limit": "",
                            "layout": "row",
                            "button_label": "Add Tile",
                            "min": 0,
                            "max": 0,
                            "sub_fields": [
                                {
                                    "key": "field_539c46e5e7663",
                                    "label": "Image",
                                    "name": "image",
                                    "type": "image",
                                    "instructions": "",
                                    "required": 0,
                                    "conditional_logic": 0,
                                    "wrapper": {
                                        "width": "",
                                        "class": "",
                                        "id": ""
                                    },
                                    "preview_size": "thumbnail",
                                    "library": "uploadedTo",
                                    "return_format": "id",
                                    "min_width": 0,
                                    "min_height": 0,
                                    "min_size": 0,
                                    "max_width": 0,
                                    "max_height": 0,
                                    "max_size": 0,
                                    "mime_types": ""
                                },
                                {
                                    "key": "field_539c46f5e7664",
                                    "label": "Name",
                                    "name": "name",
                                    "type": "text",
                                    "instructions": "",
                                    "required": 0,
                                    "conditional_logic": 0,
                                    "wrapper": {
                                        "width": "",
                                        "class": "",
                                        "id": ""
                                    },
                                    "default_value": "",
                                    "placeholder": "",
                                    "prepend": "",
                                    "append": "",
                                    "formatting": "none",
                                    "maxlength": "",
                                    "readonly": 0,
                                    "disabled": 0
                                },
                                {
                                    "key": "field_539c4707e7665",
                                    "label": "Position",
                                    "name": "position",
                                    "type": "text",
                                    "instructions": "",
                                    "required": 0,
                                    "conditional_logic": 0,
                                    "wrapper": {
                                        "width": "",
                                        "class": "",
                                        "id": ""
                                    },
                                    "default_value": "",
                                    "placeholder": "",
                                    "prepend": "",
                                    "append": "",
                                    "formatting": "none",
                                    "maxlength": "",
                                    "readonly": 0,
                                    "disabled": 0
                                },
                                {
                                    "key": "field_539c4736e7666",
                                    "label": "About",
                                    "name": "about",
                                    "type": "textarea",
                                    "instructions": "",
                                    "required": 0,
                                    "conditional_logic": 0,
                                    "wrapper": {
                                        "width": "",
                                        "class": "",
                                        "id": ""
                                    },
                                    "default_value": "",
                                    "placeholder": "",
                                    "maxlength": "",
                                    "rows": 5,
                                    "new_lines": "br",
                                    "readonly": 0,
                                    "disabled": 0
                                }
                            ]
                        }
                    ],
                    "min": "",
                    "max": ""
                }
            ]
        }
    ],
    "location": [
        [
            {
                "param": "page_template",
                "operator": "==",
                "value": "page-templates\/guides-page.php"
            }
        ]
    ],
    "menu_order": 1,
    "position": "acf_after_title",
    "style": "seamless",
    "label_placement": "top",
    "instruction_placement": "label",
    "hide_on_screen": "",
    "modified": 1434277099
}