{
    "key": "group_557b1630d18a0",
    "title": "Testimonial",
    "fields": [
        {
            "key": "field_537dcb4e60f0a",
            "label": "Photo",
            "name": "photo",
            "type": "image",
            "instructions": "",
            "required": 0,
            "conditional_logic": 0,
            "wrapper": {
                "width": "",
                "class": "",
                "id": ""
            },
            "preview_size": "thumbnail",
            "library": "uploadedTo",
            "return_format": "id",
            "min_width": 0,
            "min_height": 0,
            "min_size": 0,
            "max_width": 0,
            "max_height": 0,
            "max_size": 0,
            "mime_types": ""
        },
        {
            "key": "field_537dcb8260f0b",
            "label": "Testimonial Quote",
            "name": "testimonial_quote",
            "type": "text",
            "instructions": "You can not exceed 125 characters in this field",
            "required": 0,
            "conditional_logic": 0,
            "wrapper": {
                "width": "",
                "class": "",
                "id": ""
            },
            "default_value": "",
            "placeholder": "",
            "prepend": "",
            "append": "",
            "maxlength": 125,
            "readonly": 0,
            "disabled": 0
        },
        {
            "key": "field_537dcbab60f0c",
            "label": "Testimonial Excerpt",
            "name": "testimonial_excerpt",
            "type": "textarea",
            "instructions": "",
            "required": 0,
            "conditional_logic": 0,
            "wrapper": {
                "width": "",
                "class": "",
                "id": ""
            },
            "default_value": "",
            "placeholder": "",
            "maxlength": "",
            "rows": 3,
            "new_lines": "br",
            "readonly": 0,
            "disabled": 0
        },
        {
            "key": "field_537dcbd860f0d",
            "label": "Full Testimonial",
            "name": "full_testimonial",
            "type": "wysiwyg",
            "instructions": "",
            "required": 0,
            "conditional_logic": 0,
            "wrapper": {
                "width": "",
                "class": "",
                "id": ""
            },
            "default_value": "",
            "toolbar": "full",
            "media_upload": 1,
            "tabs": "all"
        },
        {
            "key": "field_537d36e09dd9d",
            "label": "Review score",
            "name": "review_score",
            "type": "number",
            "instructions": "",
            "required": 0,
            "conditional_logic": 0,
            "wrapper": {
                "width": "",
                "class": "",
                "id": ""
            },
            "default_value": 0,
            "placeholder": "",
            "prepend": "",
            "append": "",
            "min": 0,
            "max": 5,
            "step": "0.5",
            "readonly": 0,
            "disabled": 0
        },
        {
            "key": "field_53d2544132da1",
            "label": "Testimonial link anchor text",
            "name": "testimonial_link_anchor_text",
            "type": "text",
            "instructions": "",
            "required": 0,
            "conditional_logic": 0,
            "wrapper": {
                "width": "",
                "class": "",
                "id": ""
            },
            "default_value": "",
            "placeholder": "",
            "prepend": "",
            "append": "",
            "formatting": "none",
            "maxlength": "",
            "readonly": 0,
            "disabled": 0
        },
        {
            "key": "field_537b624d876ba",
            "label": "Testimonial link",
            "name": "testimonial_link",
            "type": "text",
            "instructions": "",
            "required": 0,
            "conditional_logic": 0,
            "wrapper": {
                "width": "",
                "class": "",
                "id": ""
            },
            "default_value": "",
            "placeholder": "http:\/\/",
            "prepend": "",
            "append": "",
            "formatting": "none",
            "maxlength": "",
            "readonly": 0,
            "disabled": 0
        }
    ],
    "location": [
        [
            {
                "param": "post_type",
                "operator": "==",
                "value": "testimonial"
            }
        ]
    ],
    "menu_order": 0,
    "position": "normal",
    "style": "seamless",
    "label_placement": "top",
    "instruction_placement": "label",
    "hide_on_screen": [
        "permalink",
        "the_content",
        "custom_fields",
        "discussion",
        "comments",
        "slug",
        "author",
        "format",
        "categories",
        "tags",
        "send-trackbacks"
    ],
    "active": 1,
    "description": "",
    "modified": 1454354416
}