{
    "key": "group_557b163129450",
    "title": "Blog page",
    "fields": [
        {
            "key": "field_54e21584dd355",
            "label": "Number of Blog Tiles",
            "name": "number_of_blog_tiles",
            "type": "number",
            "instructions": "",
            "required": 0,
            "conditional_logic": 0,
            "wrapper": {
                "width": "",
                "class": "",
                "id": ""
            },
            "default_value": 2,
            "placeholder": "",
            "prepend": "",
            "append": "",
            "min": 1,
            "max": "",
            "step": 1,
            "readonly": 0,
            "disabled": 0
        },
        {
            "key": "field_54e215addd356",
            "label": "Number of Blog columns",
            "name": "number_of_blog_columns",
            "type": "number",
            "instructions": "enter value from 1 to 3",
            "required": 0,
            "conditional_logic": 0,
            "wrapper": {
                "width": "",
                "class": "",
                "id": ""
            },
            "default_value": -8,
            "placeholder": "",
            "prepend": "",
            "append": "",
            "min": 1,
            "max": 3,
            "step": 1,
            "readonly": 0,
            "disabled": 0
        }
    ],
    "location": [
        [
            {
                "param": "page_template",
                "operator": "==",
                "value": "page-templates\/front-blog.php"
            }
        ]
    ],
    "menu_order": 1,
    "position": "acf_after_title",
    "style": "seamless",
    "label_placement": "top",
    "instruction_placement": "label",
    "hide_on_screen": "",
    "modified": 1434277051
}