{
    "key": "group_557b163078e89",
    "title": "Options: Footer",
    "fields": [
        {
            "key": "field_5375fd320eb27",
            "label": "Footer areas",
            "name": "footer_areas",
            "type": "flexible_content",
            "instructions": "",
            "required": 0,
            "conditional_logic": 0,
            "wrapper": {
                "width": "",
                "class": "",
                "id": ""
            },
            "button_label": "Add Area",
            "min": "",
            "max": "",
            "layouts": [
                {
                    "key": "557b16307c9bf",
                    "name": "tours",
                    "label": "Tours",
                    "display": "row",
                    "sub_fields": [
                        {
                            "key": "field_5377e3f6384d3",
                            "label": "links list",
                            "name": "links_list",
                            "type": "repeater",
                            "instructions": "",
                            "required": 0,
                            "conditional_logic": 0,
                            "wrapper": {
                                "width": "",
                                "class": "",
                                "id": ""
                            },
                            "row_min": "",
                            "row_limit": "",
                            "layout": "table",
                            "button_label": "Add Row",
                            "min": 0,
                            "max": 0,
                            "sub_fields": [
                                {
                                    "key": "field_5377e413384d4",
                                    "label": "Link",
                                    "name": "link",
                                    "type": "text",
                                    "instructions": "",
                                    "required": 0,
                                    "conditional_logic": 0,
                                    "wrapper": {
                                        "width": "",
                                        "class": "",
                                        "id": ""
                                    },
                                    "default_value": "",
                                    "placeholder": "http:\/\/",
                                    "prepend": "",
                                    "append": "",
                                    "formatting": "none",
                                    "maxlength": "",
                                    "readonly": 0,
                                    "disabled": 0
                                },
                                {
                                    "key": "field_5377e430384d5",
                                    "label": "Text",
                                    "name": "text",
                                    "type": "text",
                                    "instructions": "",
                                    "required": 0,
                                    "conditional_logic": 0,
                                    "wrapper": {
                                        "width": "",
                                        "class": "",
                                        "id": ""
                                    },
                                    "default_value": "",
                                    "placeholder": "",
                                    "prepend": "",
                                    "append": "",
                                    "formatting": "none",
                                    "maxlength": "",
                                    "readonly": 0,
                                    "disabled": 0
                                }
                            ]
                        }
                    ],
                    "min": "",
                    "max": 1
                },
                {
                    "key": "557b163081ea0",
                    "name": "footer_links",
                    "label": "Footer links",
                    "display": "row",
                    "sub_fields": [
                        {
                            "key": "field_5377e478bae27",
                            "label": "links list",
                            "name": "links_list",
                            "type": "repeater",
                            "instructions": "",
                            "required": 0,
                            "conditional_logic": 0,
                            "wrapper": {
                                "width": "",
                                "class": "",
                                "id": ""
                            },
                            "row_min": "",
                            "row_limit": "",
                            "layout": "table",
                            "button_label": "Add Row",
                            "min": 0,
                            "max": 0,
                            "sub_fields": [
                                {
                                    "key": "field_5377e4babae28",
                                    "label": "Link",
                                    "name": "link",
                                    "type": "text",
                                    "instructions": "",
                                    "required": 0,
                                    "conditional_logic": 0,
                                    "wrapper": {
                                        "width": "",
                                        "class": "",
                                        "id": ""
                                    },
                                    "default_value": "",
                                    "placeholder": "http:\/\/",
                                    "prepend": "",
                                    "append": "",
                                    "formatting": "none",
                                    "maxlength": "",
                                    "readonly": 0,
                                    "disabled": 0
                                },
                                {
                                    "key": "field_5377e4cabae29",
                                    "label": "Text",
                                    "name": "text",
                                    "type": "text",
                                    "instructions": "",
                                    "required": 0,
                                    "conditional_logic": 0,
                                    "wrapper": {
                                        "width": "",
                                        "class": "",
                                        "id": ""
                                    },
                                    "default_value": "",
                                    "placeholder": "",
                                    "prepend": "",
                                    "append": "",
                                    "formatting": "none",
                                    "maxlength": "",
                                    "readonly": 0,
                                    "disabled": 0
                                }
                            ]
                        }
                    ],
                    "min": "",
                    "max": 1
                },
                {
                    "key": "557b1630892d0",
                    "name": "additional",
                    "label": "Additional",
                    "display": "row",
                    "sub_fields": [
                        {
                            "key": "field_5377e50d0d3d7",
                            "label": "Content",
                            "name": "content",
                            "type": "textarea",
                            "instructions": "",
                            "required": 0,
                            "conditional_logic": 0,
                            "wrapper": {
                                "width": "",
                                "class": "",
                                "id": ""
                            },
                            "default_value": "",
                            "placeholder": "",
                            "maxlength": "",
                            "rows": "",
                            "new_lines": "br",
                            "readonly": 0,
                            "disabled": 0
                        }
                    ],
                    "min": "",
                    "max": 1
                }
            ]
        }
    ],
    "location": [
        [
            {
                "param": "options_page",
                "operator": "==",
                "value": "acf-options-footer"
            }
        ]
    ],
    "menu_order": 0,
    "position": "normal",
    "style": "seamless",
    "label_placement": "top",
    "instruction_placement": "label",
    "hide_on_screen": "",
    "modified": 1434277702
}