{
    "key": "group_557b16308c691",
    "title": "Options: Sidebar",
    "fields": [
        {
            "key": "field_539865361d9fe",
            "label": "Universal sidebar",
            "name": "universal_sidebar",
            "type": "flexible_content",
            "instructions": "",
            "required": 0,
            "conditional_logic": 0,
            "wrapper": {
                "width": "",
                "class": "",
                "id": ""
            },
            "button_label": "Add Element",
            "min": "",
            "max": "",
            "layouts": [
                {
                    "key": "557b163090181",
                    "name": "content_editor",
                    "label": "Content Editor",
                    "display": "row",
                    "sub_fields": [
                        {
                            "key": "field_5398656f1d9ff",
                            "label": "Content",
                            "name": "content",
                            "type": "wysiwyg",
                            "instructions": "",
                            "required": 0,
                            "conditional_logic": 0,
                            "wrapper": {
                                "width": "",
                                "class": "",
                                "id": ""
                            },
                            "default_value": "",
                            "toolbar": "full",
                            "media_upload": 1,
                            "tabs": "all"
                        }
                    ],
                    "min": "",
                    "max": ""
                },
                {
                    "key": "557b163091d32",
                    "name": "text_area",
                    "label": "Text Area",
                    "display": "row",
                    "sub_fields": [
                        {
                            "key": "field_539865ab1da01",
                            "label": "Content",
                            "name": "content",
                            "type": "textarea",
                            "instructions": "",
                            "required": 0,
                            "conditional_logic": 0,
                            "wrapper": {
                                "width": "",
                                "class": "",
                                "id": ""
                            },
                            "default_value": "",
                            "placeholder": "",
                            "maxlength": "",
                            "rows": 5,
                            "new_lines": "",
                            "readonly": 0,
                            "disabled": 0
                        }
                    ],
                    "min": "",
                    "max": ""
                }
            ]
        },
        {
            "key": "field_55854d9e21528",
            "label": "Subscribe Form Embed",
            "name": "subscribe_form_embed",
            "type": "text",
            "instructions": "",
            "required": 0,
            "conditional_logic": 0,
            "wrapper": {
                "width": "",
                "class": "",
                "id": ""
            },
            "default_value": "",
            "placeholder": "",
            "prepend": "",
            "append": "",
            "maxlength": "",
            "readonly": 0,
            "disabled": 0
        }
    ],
    "location": [
        [
            {
                "param": "options_page",
                "operator": "==",
                "value": "acf-options-sidebar"
            }
        ]
    ],
    "menu_order": 0,
    "position": "normal",
    "style": "seamless",
    "label_placement": "top",
    "instruction_placement": "label",
    "hide_on_screen": "",
    "modified": 1434800897
}