{
    "key": "group_557b163169020",
    "title": "Featured",
    "fields": [
        {
            "key": "field_5398601e372f8",
            "label": "Tiles area",
            "name": "tiles_area",
            "type": "repeater",
            "instructions": "",
            "required": 0,
            "conditional_logic": 0,
            "wrapper": {
                "width": "",
                "class": "",
                "id": ""
            },
            "row_min": "",
            "row_limit": "",
            "layout": "row",
            "button_label": "Add New Section of tiles",
            "min": 0,
            "max": 0,
            "sub_fields": [
                {
                    "key": "field_53986052372f9",
                    "label": "Section headline",
                    "name": "section_headline",
                    "type": "select",
                    "instructions": "",
                    "required": 0,
                    "conditional_logic": 0,
                    "wrapper": {
                        "width": "",
                        "class": "",
                        "id": ""
                    },
                    "choices": {
                        "Featured tours": "Featured tours",
                        "Testimonials": "Testimonials",
                        "Blog": "Blog",
                        "Content": "Content"
                    },
                    "default_value": {
                        "": ""
                    },
                    "allow_null": 0,
                    "multiple": 0,
                    "ui": 0,
                    "ajax": 0,
                    "placeholder": "",
                    "disabled": 0,
                    "readonly": 0
                },
                {
                    "key": "field_54f0afa49bad8",
                    "label": "Custom headline",
                    "name": "custom_headline",
                    "type": "text",
                    "instructions": "",
                    "required": 0,
                    "conditional_logic": [
                        [
                            {
                                "field": "field_53986052372f9",
                                "operator": "==",
                                "value": "Featured tours"
                            }
                        ],
                        [
                            {
                                "field": "field_53986052372f9",
                                "operator": "==",
                                "value": "Blog"
                            }
                        ]
                    ],
                    "wrapper": {
                        "width": "",
                        "class": "",
                        "id": ""
                    },
                    "default_value": "",
                    "placeholder": "",
                    "prepend": "",
                    "append": "",
                    "formatting": "none",
                    "maxlength": "",
                    "readonly": 0,
                    "disabled": 0
                },
                {
                    "key": "field_54e877a6206ee",
                    "label": "Text Align",
                    "name": "text_align",
                    "type": "radio",
                    "instructions": "",
                    "required": 0,
                    "conditional_logic": 0,
                    "wrapper": {
                        "width": "",
                        "class": "",
                        "id": ""
                    },
                    "choices": {
                        "Left": "Left",
                        "Center": "Center"
                    },
                    "other_choice": 0,
                    "save_other_choice": 0,
                    "default_value": "Left",
                    "layout": "horizontal"
                },
                {
                    "key": "field_53d247716c441",
                    "label": "Linked to Hero CTA",
                    "name": "linked_to_hero_cta",
                    "type": "true_false",
                    "instructions": "",
                    "required": 0,
                    "conditional_logic": [
                        [
                            {
                                "field": "field_53986052372f9",
                                "operator": "==",
                                "value": "Featured tours"
                            }
                        ]
                    ],
                    "wrapper": {
                        "width": "",
                        "class": "",
                        "id": ""
                    },
                    "message": "",
                    "default_value": 0
                },
                {
                    "key": "field_53986084372fa",
                    "label": "Number of columns",
                    "name": "number_of_columns",
                    "type": "number",
                    "instructions": "enter value from 1 to 5",
                    "required": 0,
                    "conditional_logic": [
                        [
                            {
                                "field": "field_53986052372f9",
                                "operator": "==",
                                "value": "Featured tours"
                            }
                        ],
                        [
                            {
                                "field": "field_53986052372f9",
                                "operator": "==",
                                "value": "Testimonials"
                            }
                        ]
                    ],
                    "wrapper": {
                        "width": "",
                        "class": "",
                        "id": ""
                    },
                    "default_value": 3,
                    "placeholder": "",
                    "prepend": "",
                    "append": "",
                    "min": 1,
                    "max": 5,
                    "step": 1,
                    "readonly": 0,
                    "disabled": 0
                },
                {
                    "key": "field_54e78f9f81128",
                    "label": "Number of Blog columns",
                    "name": "number_of_blog_columns",
                    "type": "number",
                    "instructions": "enter value from 1 to 3",
                    "required": 0,
                    "conditional_logic": [
                        [
                            {
                                "field": "field_53986052372f9",
                                "operator": "==",
                                "value": "Blog"
                            }
                        ]
                    ],
                    "wrapper": {
                        "width": "",
                        "class": "",
                        "id": ""
                    },
                    "default_value": 2,
                    "placeholder": "",
                    "prepend": "",
                    "append": "",
                    "min": 1,
                    "max": 3,
                    "step": 1,
                    "readonly": 0,
                    "disabled": 0
                },
                {
                    "key": "field_539860b4372fb",
                    "label": "Tiles",
                    "name": "tiles",
                    "type": "flexible_content",
                    "instructions": "",
                    "required": 0,
                    "conditional_logic": [
                        [
                            {
                                "field": "field_53986052372f9",
                                "operator": "==",
                                "value": "Featured tours"
                            }
                        ],
                        [
                            {
                                "field": "field_53986052372f9",
                                "operator": "==",
                                "value": "Testimonials"
                            }
                        ]
                    ],
                    "wrapper": {
                        "width": "",
                        "class": "",
                        "id": ""
                    },
                    "button_label": "Add Tile",
                    "min": "",
                    "max": "",
                    "layouts": [
                        {
                            "key": "557b163178de0",
                            "name": "tours",
                            "label": "Tours",
                            "display": "row",
                            "sub_fields": [
                                {
                                    "key": "field_539860e2372fc",
                                    "label": "Pull specific from",
                                    "name": "pull_specific_from",
                                    "type": "post_object",
                                    "instructions": "",
                                    "required": 0,
                                    "conditional_logic": 0,
                                    "wrapper": {
                                        "width": "",
                                        "class": "",
                                        "id": ""
                                    },
                                    "post_type": [
                                        "tour"
                                    ],
                                    "taxonomy": [],
                                    "allow_null": 0,
                                    "multiple": 0,
                                    "return_format": "object",
                                    "ui": 1
                                },
                                {
                                    "key": "field_54e5e1aca108f",
                                    "label": "Button label",
                                    "name": "button_label",
                                    "type": "text",
                                    "instructions": "",
                                    "required": 0,
                                    "conditional_logic": 0,
                                    "wrapper": {
                                        "width": "",
                                        "class": "",
                                        "id": ""
                                    },
                                    "default_value": "View tour now",
                                    "placeholder": "",
                                    "prepend": "",
                                    "append": "",
                                    "formatting": "none",
                                    "maxlength": "",
                                    "readonly": 0,
                                    "disabled": 0
                                }
                            ],
                            "min": "",
                            "max": ""
                        },
                        {
                            "key": "557b16317c581",
                            "name": "categories",
                            "label": "Categories",
                            "display": "row",
                            "sub_fields": [
                                {
                                    "key": "field_53986122372fe",
                                    "label": "Image",
                                    "name": "image",
                                    "type": "image",
                                    "instructions": "",
                                    "required": 0,
                                    "conditional_logic": 0,
                                    "wrapper": {
                                        "width": "",
                                        "class": "",
                                        "id": ""
                                    },
                                    "preview_size": "thumbnail",
                                    "library": "uploadedTo",
                                    "return_format": "id",
                                    "min_width": 0,
                                    "min_height": 0,
                                    "min_size": 0,
                                    "max_width": 0,
                                    "max_height": 0,
                                    "max_size": 0,
                                    "mime_types": ""
                                },
                                {
                                    "key": "field_53986133372ff",
                                    "label": "Headline",
                                    "name": "headline",
                                    "type": "text",
                                    "instructions": "",
                                    "required": 0,
                                    "conditional_logic": 0,
                                    "wrapper": {
                                        "width": "",
                                        "class": "",
                                        "id": ""
                                    },
                                    "default_value": "",
                                    "placeholder": "",
                                    "prepend": "",
                                    "append": "",
                                    "formatting": "none",
                                    "maxlength": "",
                                    "readonly": 0,
                                    "disabled": 0
                                },
                                {
                                    "key": "field_55c0e13d83526",
                                    "label": "Multi Option Button Dropdown",
                                    "name": "multi_option_button_dropdown",
                                    "type": "true_false",
                                    "instructions": "",
                                    "required": 0,
                                    "conditional_logic": 0,
                                    "wrapper": {
                                        "width": "",
                                        "class": "",
                                        "id": ""
                                    },
                                    "message": "",
                                    "default_value": 0
                                },
                                {
                                    "key": "field_54e5e1d8a1090",
                                    "label": "Button label",
                                    "name": "button_label",
                                    "type": "text",
                                    "instructions": "",
                                    "required": 0,
                                    "conditional_logic": 0,
                                    "wrapper": {
                                        "width": "",
                                        "class": "",
                                        "id": ""
                                    },
                                    "default_value": "View tours now",
                                    "placeholder": "",
                                    "prepend": "",
                                    "append": "",
                                    "formatting": "none",
                                    "maxlength": "",
                                    "readonly": 0,
                                    "disabled": 0
                                },
                                {
                                    "key": "field_55ba687c329ba",
                                    "label": "use as third party integration Link",
                                    "name": "use_as_third_party_integration_link",
                                    "type": "true_false",
                                    "instructions": "",
                                    "required": 0,
                                    "conditional_logic": 0,
                                    "wrapper": {
                                        "width": "",
                                        "class": "",
                                        "id": ""
                                    },
                                    "message": "",
                                    "default_value": 0
                                },
                                {
                                    "key": "field_5614f97201df4",
                                    "label": "Third party",
                                    "name": "third_party",
                                    "type": "radio",
                                    "instructions": "",
                                    "required": 0,
                                    "conditional_logic": [
                                        [
                                            {
                                                "field": "field_55ba687c329ba",
                                                "operator": "==",
                                                "value": "1"
                                            }
                                        ]
                                    ],
                                    "wrapper": {
                                        "width": "",
                                        "class": "",
                                        "id": ""
                                    },
                                    "choices": [],
                                    "other_choice": 0,
                                    "save_other_choice": 0,
                                    "default_value": "",
                                    "layout": "horizontal"
                                },
                                {
                                    "key": "field_539ca4c3af0f0",
                                    "label": "Link",
                                    "name": "link",
                                    "type": "text",
                                    "instructions": "",
                                    "required": 0,
                                    "conditional_logic": [
                                        [
                                            {
                                                "field": "field_55c0e13d83526",
                                                "operator": "!=",
                                                "value": "1"
                                            }
                                        ]
                                    ],
                                    "wrapper": {
                                        "width": "",
                                        "class": "",
                                        "id": ""
                                    },
                                    "default_value": "",
                                    "placeholder": "http:\/\/",
                                    "prepend": "",
                                    "append": "",
                                    "maxlength": "",
                                    "readonly": 0,
                                    "disabled": 0
                                },
                                {
                                    "key": "field_55c0e1f1bc236",
                                    "label": "Button Sub Options",
                                    "name": "button_sub_options",
                                    "type": "repeater",
                                    "instructions": "",
                                    "required": 0,
                                    "conditional_logic": [
                                        [
                                            {
                                                "field": "field_55c0e13d83526",
                                                "operator": "==",
                                                "value": "1"
                                            }
                                        ]
                                    ],
                                    "wrapper": {
                                        "width": "",
                                        "class": "",
                                        "id": ""
                                    },
                                    "min": "",
                                    "max": "",
                                    "layout": "row",
                                    "button_label": "Add Sub Option",
                                    "sub_fields": [
                                        {
                                            "key": "field_55c0e228bc237",
                                            "label": "Button Text",
                                            "name": "button_text",
                                            "type": "text",
                                            "instructions": "",
                                            "required": 0,
                                            "conditional_logic": 0,
                                            "wrapper": {
                                                "width": "",
                                                "class": "",
                                                "id": ""
                                            },
                                            "default_value": "",
                                            "placeholder": "",
                                            "prepend": "",
                                            "append": "",
                                            "maxlength": "",
                                            "readonly": 0,
                                            "disabled": 0
                                        },
                                        {
                                            "key": "field_55c0e245bc238",
                                            "label": "Link",
                                            "name": "link",
                                            "type": "text",
                                            "instructions": "",
                                            "required": 0,
                                            "conditional_logic": 0,
                                            "wrapper": {
                                                "width": "",
                                                "class": "",
                                                "id": ""
                                            },
                                            "default_value": "",
                                            "placeholder": "http:\/\/",
                                            "prepend": "",
                                            "append": "",
                                            "maxlength": "",
                                            "readonly": 0,
                                            "disabled": 0
                                        }
                                    ]
                                },
                                {
                                    "key": "field_5398615837300",
                                    "label": "Excerpt",
                                    "name": "excerpt",
                                    "type": "textarea",
                                    "instructions": "",
                                    "required": 0,
                                    "conditional_logic": 0,
                                    "wrapper": {
                                        "width": "",
                                        "class": "",
                                        "id": ""
                                    },
                                    "default_value": "",
                                    "placeholder": "",
                                    "maxlength": "",
                                    "rows": 5,
                                    "new_lines": "br",
                                    "readonly": 0,
                                    "disabled": 0
                                }
                            ],
                            "min": "",
                            "max": ""
                        },
                        {
                            "key": "557b163184eb4",
                            "name": "testimonials",
                            "label": "Testimonials",
                            "display": "row",
                            "sub_fields": [
                                {
                                    "key": "field_539861a537302",
                                    "label": "Pull specific from",
                                    "name": "pull_specific_from",
                                    "type": "post_object",
                                    "instructions": "",
                                    "required": 0,
                                    "conditional_logic": 0,
                                    "wrapper": {
                                        "width": "",
                                        "class": "",
                                        "id": ""
                                    },
                                    "post_type": [
                                        "testimonial"
                                    ],
                                    "taxonomy": [],
                                    "allow_null": 0,
                                    "multiple": 0,
                                    "return_format": "object",
                                    "ui": 1
                                }
                            ],
                            "min": "",
                            "max": ""
                        }
                    ]
                },
                {
                    "key": "field_54e7900c81129",
                    "label": "Number of Blog Tiles",
                    "name": "number_of_blog_tiles",
                    "type": "number",
                    "instructions": "",
                    "required": 0,
                    "conditional_logic": [
                        [
                            {
                                "field": "field_53986052372f9",
                                "operator": "==",
                                "value": "Blog"
                            }
                        ]
                    ],
                    "wrapper": {
                        "width": "",
                        "class": "",
                        "id": ""
                    },
                    "default_value": 2,
                    "placeholder": "",
                    "prepend": "",
                    "append": "",
                    "min": 1,
                    "max": "",
                    "step": 1,
                    "readonly": 0,
                    "disabled": 0
                },
                {
                    "key": "field_54e790498112a",
                    "label": "Headline",
                    "name": "headline",
                    "type": "text",
                    "instructions": "",
                    "required": 0,
                    "conditional_logic": [
                        [
                            {
                                "field": "field_53986052372f9",
                                "operator": "==",
                                "value": "Content"
                            }
                        ]
                    ],
                    "wrapper": {
                        "width": "",
                        "class": "",
                        "id": ""
                    },
                    "default_value": "",
                    "placeholder": "",
                    "prepend": "",
                    "append": "",
                    "formatting": "html",
                    "maxlength": "",
                    "readonly": 0,
                    "disabled": 0
                },
                {
                    "key": "field_54e790678112b",
                    "label": "Content",
                    "name": "content",
                    "type": "wysiwyg",
                    "instructions": "",
                    "required": 0,
                    "conditional_logic": [
                        [
                            {
                                "field": "field_53986052372f9",
                                "operator": "==",
                                "value": "Content"
                            }
                        ]
                    ],
                    "wrapper": {
                        "width": "",
                        "class": "",
                        "id": ""
                    },
                    "default_value": "",
                    "toolbar": "full",
                    "media_upload": 1,
                    "tabs": "all"
                },
                {
                    "key": "field_552d667b10d8e",
                    "label": "Add Embed Area",
                    "name": "add_embed_area",
                    "type": "true_false",
                    "instructions": "",
                    "required": 0,
                    "conditional_logic": [
                        [
                            {
                                "field": "field_53986052372f9",
                                "operator": "==",
                                "value": "Content"
                            }
                        ]
                    ],
                    "wrapper": {
                        "width": "",
                        "class": "",
                        "id": ""
                    },
                    "message": "",
                    "default_value": 0
                },
                {
                    "key": "field_552d66c410d8f",
                    "label": "Embed",
                    "name": "embed",
                    "type": "textarea",
                    "instructions": "",
                    "required": 0,
                    "conditional_logic": [
                        [
                            {
                                "field": "field_552d667b10d8e",
                                "operator": "==",
                                "value": "1"
                            },
                            {
                                "field": "field_53986052372f9",
                                "operator": "==",
                                "value": "Content"
                            }
                        ]
                    ],
                    "wrapper": {
                        "width": "",
                        "class": "",
                        "id": ""
                    },
                    "default_value": "",
                    "placeholder": "",
                    "maxlength": "",
                    "rows": "",
                    "new_lines": "",
                    "readonly": 0,
                    "disabled": 0
                }
            ]
        }
    ],
    "location": [
        [
            {
                "param": "post_type",
                "operator": "==",
                "value": "tour"
            }
        ],
        [
            {
                "param": "post_type",
                "operator": "==",
                "value": "page"
            }
        ]
    ],
    "menu_order": 3,
    "position": "normal",
    "style": "seamless",
    "label_placement": "top",
    "instruction_placement": "label",
    "hide_on_screen": "",
    "modified": 1444215227
}