{
    "key": "group_557b163001178",
    "title": "Hero",
    "fields": [
        {
            "key": "field_538caa126f58a",
            "label": "Hero Area",
            "name": "hero_area",
            "type": "flexible_content",
            "instructions": "",
            "required": 0,
            "conditional_logic": 0,
            "wrapper": {
                "width": "",
                "class": "",
                "id": ""
            },
            "button_label": "Add Row",
            "min": "",
            "max": 1,
            "layouts": [
                {
                    "key": "557b163006eff",
                    "name": "hero",
                    "label": "Hero",
                    "display": "row",
                    "sub_fields": [
                        {
                            "key": "field_53a376a3035c7",
                            "label": "Image type",
                            "name": "image_type",
                            "type": "radio",
                            "instructions": "",
                            "required": 0,
                            "conditional_logic": 0,
                            "wrapper": {
                                "width": "",
                                "class": "",
                                "id": ""
                            },
                            "choices": {
                                "Single image": "Single image",
                                "Slider images": "Slider images",
                                "Background video": "Background video"
                            },
                            "other_choice": 0,
                            "save_other_choice": 0,
                            "default_value": "",
                            "layout": "vertical"
                        },
                        {
                            "key": "field_539af031dae9b",
                            "label": "Hero Image",
                            "name": "hero_image",
                            "type": "image",
                            "instructions": "",
                            "required": 0,
                            "conditional_logic": [
                                [
                                    {
                                        "field": "field_53a376a3035c7",
                                        "operator": "==",
                                        "value": "Single image"
                                    }
                                ]
                            ],
                            "wrapper": {
                                "width": "",
                                "class": "",
                                "id": ""
                            },
                            "preview_size": "medium",
                            "library": "uploadedTo",
                            "return_format": "array",
                            "min_width": 0,
                            "min_height": 0,
                            "min_size": 0,
                            "max_width": 0,
                            "max_height": 0,
                            "max_size": 0,
                            "mime_types": ""
                        },
                        {
                            "key": "field_5442c751de366",
                            "label": "Background position",
                            "name": "background_position",
                            "type": "radio",
                            "instructions": "",
                            "required": 0,
                            "conditional_logic": 0,
                            "wrapper": {
                                "width": "",
                                "class": "",
                                "id": ""
                            },
                            "choices": {
                                "Down Below Header": "Down Below Header",
                                "Under Header": "Under Header"
                            },
                            "other_choice": 0,
                            "save_other_choice": 0,
                            "default_value": "Down Below Header",
                            "layout": "vertical"
                        },
                        {
                            "key": "field_53a3772d7f080",
                            "label": "Hero Slides",
                            "name": "hero_slides",
                            "type": "gallery",
                            "instructions": "",
                            "required": 0,
                            "conditional_logic": [
                                [
                                    {
                                        "field": "field_53a376a3035c7",
                                        "operator": "==",
                                        "value": "Slider images"
                                    }
                                ]
                            ],
                            "wrapper": {
                                "width": "",
                                "class": "",
                                "id": ""
                            },
                            "preview_size": "thumbnail",
                            "library": "uploadedTo",
                            "min": 0,
                            "max": 0,
                            "min_width": 0,
                            "min_height": 0,
                            "min_size": 0,
                            "max_width": 0,
                            "max_height": 0,
                            "max_size": 0,
                            "mime_types": ""
                        },
                        {
                            "key": "field_5651f7f3063d2",
                            "label": "Hero Video mp4",
                            "name": "hero_video",
                            "type": "text",
                            "instructions": "",
                            "required": 0,
                            "conditional_logic": [
                                [
                                    {
                                        "field": "field_53a376a3035c7",
                                        "operator": "==",
                                        "value": "Background video"
                                    }
                                ]
                            ],
                            "wrapper": {
                                "width": "",
                                "class": "",
                                "id": ""
                            },
                            "default_value": "",
                            "placeholder": "http:\/\/",
                            "prepend": "",
                            "append": "",
                            "maxlength": "",
                            "readonly": 0,
                            "disabled": 0
                        },
                        {
                            "key": "field_56e2d7c99156a",
                            "label": "Hero Video webm",
                            "name": "hero_video_webm",
                            "type": "text",
                            "instructions": "",
                            "required": 0,
                            "conditional_logic": [
                                [
                                    {
                                        "field": "field_53a376a3035c7",
                                        "operator": "==",
                                        "value": "Background video"
                                    }
                                ]
                            ],
                            "wrapper": {
                                "width": "",
                                "class": "",
                                "id": ""
                            },
                            "default_value": "",
                            "placeholder": "http:\/\/",
                            "prepend": "",
                            "append": "",
                            "maxlength": "",
                            "readonly": 0,
                            "disabled": 0
                        },
                        {
                            "key": "field_56e2d7ec9156b",
                            "label": "Hero Video ogv",
                            "name": "hero_video_ogv",
                            "type": "text",
                            "instructions": "",
                            "required": 0,
                            "conditional_logic": [
                                [
                                    {
                                        "field": "field_53a376a3035c7",
                                        "operator": "==",
                                        "value": "Background video"
                                    }
                                ]
                            ],
                            "wrapper": {
                                "width": "",
                                "class": "",
                                "id": ""
                            },
                            "default_value": "",
                            "placeholder": "http:\/\/",
                            "prepend": "",
                            "append": "",
                            "maxlength": "",
                            "readonly": 0,
                            "disabled": 0
                        },
                        {
                            "key": "field_5652083b28980",
                            "label": "Video Poster",
                            "name": "video_poster",
                            "type": "image",
                            "instructions": "",
                            "required": 0,
                            "conditional_logic": [
                                [
                                    {
                                        "field": "field_53a376a3035c7",
                                        "operator": "==",
                                        "value": "Background video"
                                    }
                                ]
                            ],
                            "wrapper": {
                                "width": "",
                                "class": "",
                                "id": ""
                            },
                            "return_format": "id",
                            "preview_size": "thumbnail",
                            "library": "uploadedTo",
                            "min_width": "",
                            "min_height": "",
                            "min_size": "",
                            "max_width": "",
                            "max_height": "",
                            "max_size": "",
                            "mime_types": ""
                        },
                        {
                            "key": "field_53c1a1eb7d871",
                            "label": "Text Align",
                            "name": "text_align",
                            "type": "radio",
                            "instructions": "",
                            "required": 0,
                            "conditional_logic": 0,
                            "wrapper": {
                                "width": "",
                                "class": "",
                                "id": ""
                            },
                            "choices": {
                                "Left": "Left",
                                "Center": "Center"
                            },
                            "other_choice": 0,
                            "save_other_choice": 0,
                            "default_value": "Left",
                            "layout": "vertical"
                        },
                        {
                            "key": "field_538caa676f58c",
                            "label": "Headline",
                            "name": "headline",
                            "type": "text",
                            "instructions": "",
                            "required": 0,
                            "conditional_logic": 0,
                            "wrapper": {
                                "width": "",
                                "class": "",
                                "id": ""
                            },
                            "default_value": "",
                            "placeholder": "",
                            "prepend": "",
                            "append": "",
                            "formatting": "none",
                            "maxlength": "",
                            "readonly": 0,
                            "disabled": 0
                        },
                        {
                            "key": "field_538caa836f58d",
                            "label": "Content Editor",
                            "name": "content_editor",
                            "type": "wysiwyg",
                            "instructions": "",
                            "required": 0,
                            "conditional_logic": 0,
                            "wrapper": {
                                "width": "",
                                "class": "",
                                "id": ""
                            },
                            "default_value": "",
                            "toolbar": "full",
                            "media_upload": 1,
                            "tabs": "all"
                        },
                        {
                            "key": "field_55bfcc9bbd46c",
                            "label": "Multi Option Button Dropdown",
                            "name": "multi_option_button_dropdown",
                            "type": "true_false",
                            "instructions": "",
                            "required": 0,
                            "conditional_logic": 0,
                            "wrapper": {
                                "width": "",
                                "class": "",
                                "id": ""
                            },
                            "message": "",
                            "default_value": 0
                        },
                        {
                            "key": "field_53c29a93af13a",
                            "label": "CTA Button text",
                            "name": "cta_button_text",
                            "type": "text",
                            "instructions": "",
                            "required": 0,
                            "conditional_logic": 0,
                            "wrapper": {
                                "width": "",
                                "class": "",
                                "id": ""
                            },
                            "default_value": "",
                            "placeholder": "",
                            "prepend": "",
                            "append": "",
                            "formatting": "none",
                            "maxlength": "",
                            "readonly": 0,
                            "disabled": 0
                        },
                        {
                            "key": "field_53d247c8b4b03",
                            "label": "Button link type",
                            "name": "button_link_type",
                            "type": "radio",
                            "instructions": "",
                            "required": 0,
                            "conditional_logic": 0,
                            "wrapper": {
                                "width": "",
                                "class": "",
                                "id": ""
                            },
                            "choices": {
                                "Custom": "Custom",
                                "Link to Featured tours": "Link to Featured tours",
                                "Use as third party integration Link": "Use as third party integration Link",
                                "Play Video": "Play Video"
                            },
                            "other_choice": 0,
                            "save_other_choice": 0,
                            "default_value": "",
                            "layout": "vertical"
                        },
                        {
                            "key": "field_5614fa0802309",
                            "label": "Third party",
                            "name": "third_party",
                            "type": "radio",
                            "instructions": "",
                            "required": 0,
                            "conditional_logic": [
                                [
                                    {
                                        "field": "field_53d247c8b4b03",
                                        "operator": "==",
                                        "value": "Use as third party integration Link"
                                    }
                                ]
                            ],
                            "wrapper": {
                                "width": "",
                                "class": "",
                                "id": ""
                            },
                            "choices": [],
                            "other_choice": 0,
                            "save_other_choice": 0,
                            "default_value": "",
                            "layout": "horizontal"
                        },
                        {
                            "key": "field_563fa5513c454",
                            "label": "Video Button link",
                            "name": "video_button_link",
                            "type": "text",
                            "instructions": "",
                            "required": 0,
                            "conditional_logic": [
                                [
                                    {
                                        "field": "field_53d247c8b4b03",
                                        "operator": "==",
                                        "value": "Play Video"
                                    }
                                ]
                            ],
                            "wrapper": {
                                "width": "",
                                "class": "",
                                "id": ""
                            },
                            "default_value": "",
                            "placeholder": "http:\/\/",
                            "prepend": "",
                            "append": "",
                            "maxlength": "",
                            "readonly": 0,
                            "disabled": 0
                        },
                        {
                            "key": "field_538caab06f58e",
                            "label": "CTA Button link",
                            "name": "book_tours_link",
                            "type": "text",
                            "instructions": "",
                            "required": 0,
                            "conditional_logic": [
                                [
                                    {
                                        "field": "field_53d247c8b4b03",
                                        "operator": "==",
                                        "value": "Custom"
                                    },
                                    {
                                        "field": "field_55bfcc9bbd46c",
                                        "operator": "!=",
                                        "value": "1"
                                    }
                                ],
                                [
                                    {
                                        "field": "field_53d247c8b4b03",
                                        "operator": "==",
                                        "value": "Use as third party integration Link"
                                    },
                                    {
                                        "field": "field_55bfcc9bbd46c",
                                        "operator": "!=",
                                        "value": "1"
                                    }
                                ]
                            ],
                            "wrapper": {
                                "width": "",
                                "class": "",
                                "id": ""
                            },
                            "default_value": "",
                            "placeholder": "http:\/\/",
                            "prepend": "",
                            "append": "",
                            "maxlength": "",
                            "readonly": 0,
                            "disabled": 0
                        },
                        {
                            "key": "field_55bfcd877924d",
                            "label": "Button Sub Options",
                            "name": "button_sub_options",
                            "type": "repeater",
                            "instructions": "",
                            "required": 0,
                            "conditional_logic": [
                                [
                                    {
                                        "field": "field_55bfcc9bbd46c",
                                        "operator": "==",
                                        "value": "1"
                                    }
                                ]
                            ],
                            "wrapper": {
                                "width": "",
                                "class": "",
                                "id": ""
                            },
                            "min": "",
                            "max": "",
                            "layout": "row",
                            "button_label": "Add Sub Option",
                            "sub_fields": [
                                {
                                    "key": "field_55bfcda67924e",
                                    "label": "Button Text",
                                    "name": "button_text",
                                    "type": "text",
                                    "instructions": "",
                                    "required": 0,
                                    "conditional_logic": 0,
                                    "wrapper": {
                                        "width": "",
                                        "class": "",
                                        "id": ""
                                    },
                                    "default_value": "",
                                    "placeholder": "",
                                    "prepend": "",
                                    "append": "",
                                    "maxlength": "",
                                    "readonly": 0,
                                    "disabled": 0
                                },
                                {
                                    "key": "field_55bfcdb17924f",
                                    "label": "Link",
                                    "name": "link",
                                    "type": "text",
                                    "instructions": "",
                                    "required": 0,
                                    "conditional_logic": 0,
                                    "wrapper": {
                                        "width": "",
                                        "class": "",
                                        "id": ""
                                    },
                                    "default_value": "",
                                    "placeholder": "http:\/\/",
                                    "prepend": "",
                                    "append": "",
                                    "maxlength": "",
                                    "readonly": 0,
                                    "disabled": 0
                                }
                            ],
                            "collapsed": ""
                        },
                        {
                            "key": "field_556e1e4ae963b",
                            "label": "CTA onclick",
                            "name": "cta_onclick",
                            "type": "text",
                            "instructions": "",
                            "required": 0,
                            "conditional_logic": 0,
                            "wrapper": {
                                "width": "",
                                "class": "",
                                "id": ""
                            },
                            "default_value": "",
                            "placeholder": "",
                            "prepend": "",
                            "append": "",
                            "formatting": "html",
                            "maxlength": "",
                            "readonly": 0,
                            "disabled": 0
                        },
                        {
                            "key": "field_53c3bc0a11cc6",
                            "label": "CTA Button radius",
                            "name": "cta_button_radius",
                            "type": "number",
                            "instructions": "",
                            "required": 0,
                            "conditional_logic": 0,
                            "wrapper": {
                                "width": "",
                                "class": "",
                                "id": ""
                            },
                            "default_value": "",
                            "placeholder": "",
                            "prepend": "",
                            "append": "",
                            "min": "",
                            "max": "",
                            "step": 1,
                            "readonly": 0,
                            "disabled": 0
                        }
                    ],
                    "min": "",
                    "max": ""
                }
            ]
        }
    ],
    "location": [
        [
            {
                "param": "post_type",
                "operator": "==",
                "value": "page"
            },
            {
                "param": "page_template",
                "operator": "!=",
                "value": "page-templates\/front-page4.php"
            }
        ],
        [
            {
                "param": "post_type",
                "operator": "==",
                "value": "tour"
            }
        ],
        [
            {
                "param": "options_page",
                "operator": "==",
                "value": "acf-options-blog-hero"
            }
        ]
    ],
    "menu_order": 0,
    "position": "acf_after_title",
    "style": "seamless",
    "label_placement": "top",
    "instruction_placement": "label",
    "hide_on_screen": [
        "the_content",
        "custom_fields",
        "discussion",
        "comments",
        "slug",
        "author",
        "format",
        "categories",
        "tags",
        "send-trackbacks"
    ],
    "active": 1,
    "description": "",
    "modified": 1457707120
}