{
    "key": "group_557b163190a7c",
    "title": "Testimonials",
    "fields": [
        {
            "key": "field_539c7cfafd987",
            "label": "Testimonial Tiles Area",
            "name": "testimonial_tiles_area",
            "type": "flexible_content",
            "instructions": "",
            "required": 0,
            "conditional_logic": 0,
            "wrapper": {
                "width": "",
                "class": "",
                "id": ""
            },
            "button_label": "Add Section",
            "min": "",
            "max": "",
            "layouts": [
                {
                    "key": "557b16319437e",
                    "name": "testimonial",
                    "label": "Testimonial",
                    "display": "row",
                    "sub_fields": [
                        {
                            "key": "field_539c7d3ffd988",
                            "label": "Number of columns",
                            "name": "number_of_columns",
                            "type": "number",
                            "instructions": "enter value from 1 to 5",
                            "required": 0,
                            "conditional_logic": 0,
                            "wrapper": {
                                "width": "",
                                "class": "",
                                "id": ""
                            },
                            "default_value": 3,
                            "placeholder": "",
                            "prepend": "",
                            "append": "",
                            "min": 1,
                            "max": 5,
                            "step": 1,
                            "readonly": 0,
                            "disabled": 0
                        },
                        {
                            "key": "field_539c7d7bfd989",
                            "label": "Tiles",
                            "name": "tiles",
                            "type": "repeater",
                            "instructions": "",
                            "required": 0,
                            "conditional_logic": 0,
                            "wrapper": {
                                "width": "",
                                "class": "",
                                "id": ""
                            },
                            "row_min": "",
                            "row_limit": "",
                            "layout": "table",
                            "button_label": "Add Tile",
                            "min": 0,
                            "max": 0,
                            "sub_fields": [
                                {
                                    "key": "field_539c7da0fd98a",
                                    "label": "Pull specific from",
                                    "name": "pull_specific_from",
                                    "type": "post_object",
                                    "instructions": "",
                                    "required": 0,
                                    "conditional_logic": 0,
                                    "wrapper": {
                                        "width": "",
                                        "class": "",
                                        "id": ""
                                    },
                                    "post_type": [
                                        "testimonial"
                                    ],
                                    "taxonomy": [],
                                    "allow_null": 0,
                                    "multiple": 0,
                                    "return_format": "object",
                                    "ui": 1
                                }
                            ]
                        }
                    ],
                    "min": "",
                    "max": ""
                }
            ]
        }
    ],
    "location": [
        [
            {
                "param": "page_template",
                "operator": "==",
                "value": "page-templates\/front-page2.php"
            }
        ],
        [
            {
                "param": "page_template",
                "operator": "==",
                "value": "page-templates\/front-page3.php"
            }
        ]
    ],
    "menu_order": 3,
    "position": "acf_after_title",
    "style": "seamless",
    "label_placement": "top",
    "instruction_placement": "label",
    "hide_on_screen": "",
    "modified": 1434277119
}