{
    "key": "group_557b16305d905",
    "title": "Options: Company details",
    "fields": [
        {
            "key": "field_5647579fe2afe",
            "label": "General",
            "name": "",
            "type": "tab",
            "instructions": "",
            "required": 0,
            "conditional_logic": 0,
            "wrapper": {
                "width": "",
                "class": "",
                "id": ""
            },
            "placement": "top",
            "endpoint": 0
        },
        {
            "key": "field_53c13d6555a10",
            "label": "Use Logo Image",
            "name": "use_logo_image",
            "type": "true_false",
            "instructions": "",
            "required": 0,
            "conditional_logic": 0,
            "wrapper": {
                "width": "",
                "class": "",
                "id": ""
            },
            "message": "",
            "default_value": 0
        },
        {
            "key": "field_537f5fc8c8afa",
            "label": "Logo image",
            "name": "logo_image",
            "type": "image",
            "instructions": "",
            "required": 0,
            "conditional_logic": [
                [
                    {
                        "field": "field_53c13d6555a10",
                        "operator": "==",
                        "value": "1"
                    }
                ]
            ],
            "wrapper": {
                "width": "",
                "class": "",
                "id": ""
            },
            "preview_size": "medium",
            "library": "uploadedTo",
            "return_format": "id",
            "min_width": 0,
            "min_height": 0,
            "min_size": 0,
            "max_width": 0,
            "max_height": 0,
            "max_size": 0,
            "mime_types": ""
        },
        {
            "key": "field_53c13d8d55a11",
            "label": "Include Custom Header",
            "name": "include_custom_header",
            "type": "true_false",
            "instructions": "",
            "required": 0,
            "conditional_logic": 0,
            "wrapper": {
                "width": "",
                "class": "",
                "id": ""
            },
            "message": "",
            "default_value": 0
        },
        {
            "key": "field_53c13dac55a12",
            "label": "Custom Header Image",
            "name": "custom_header_image",
            "type": "image",
            "instructions": "",
            "required": 0,
            "conditional_logic": [
                [
                    {
                        "field": "field_53c13d8d55a11",
                        "operator": "==",
                        "value": "1"
                    }
                ]
            ],
            "wrapper": {
                "width": "",
                "class": "",
                "id": ""
            },
            "preview_size": "thumbnail",
            "library": "uploadedTo",
            "return_format": "id",
            "min_width": 0,
            "min_height": 0,
            "min_size": 0,
            "max_width": 0,
            "max_height": 0,
            "max_size": 0,
            "mime_types": ""
        },
        {
            "key": "field_56c4eaf8675c6",
            "label": "Include Secondary Menu",
            "name": "include_secondary_menu",
            "type": "true_false",
            "instructions": "",
            "required": 0,
            "conditional_logic": 0,
            "wrapper": {
                "width": "",
                "class": "",
                "id": ""
            },
            "message": "",
            "default_value": 0
        },
        {
            "key": "field_56c31efb33779",
            "label": "Motto",
            "name": "motto",
            "type": "text",
            "instructions": "",
            "required": 0,
            "conditional_logic": [
                [
                    {
                        "field": "field_56c4eaf8675c6",
                        "operator": "==",
                        "value": "1"
                    }
                ]
            ],
            "wrapper": {
                "width": "",
                "class": "",
                "id": ""
            },
            "default_value": "",
            "placeholder": "",
            "prepend": "",
            "append": "",
            "maxlength": "",
            "readonly": 0,
            "disabled": 0
        },
        {
            "key": "field_537dde495c366",
            "label": "Address",
            "name": "address",
            "type": "textarea",
            "instructions": "",
            "required": 0,
            "conditional_logic": 0,
            "wrapper": {
                "width": "",
                "class": "",
                "id": ""
            },
            "default_value": "",
            "placeholder": "",
            "maxlength": "",
            "rows": 3,
            "new_lines": "br",
            "readonly": 0,
            "disabled": 0
        },
        {
            "key": "field_537dde7d5c367",
            "label": "Phone number",
            "name": "phone_number",
            "type": "text",
            "instructions": "",
            "required": 0,
            "conditional_logic": 0,
            "wrapper": {
                "width": "",
                "class": "",
                "id": ""
            },
            "default_value": "",
            "placeholder": "",
            "prepend": "",
            "append": "",
            "formatting": "none",
            "maxlength": "",
            "readonly": 0,
            "disabled": 0
        },
        {
            "key": "field_571b51f415fc4",
            "label": "Enable Click to Call on Mobile",
            "name": "click_to_call",
            "type": "true_false",
            "instructions": "",
            "required": 0,
            "conditional_logic": 0,
            "wrapper": {
                "width": "",
                "class": "",
                "id": ""
            },
            "message": "",
            "default_value": 0
        },
        {
            "key": "field_537dde9d5c368",
            "label": "Social media",
            "name": "social_media",
            "type": "repeater",
            "instructions": "",
            "required": 0,
            "conditional_logic": 0,
            "wrapper": {
                "width": "",
                "class": "",
                "id": ""
            },
            "row_min": "",
            "row_limit": "",
            "layout": "table",
            "button_label": "Add Row",
            "min": 0,
            "max": 0,
            "sub_fields": [
                {
                    "key": "field_537ddeb95c369",
                    "label": "Social icon",
                    "name": "social_icon",
                    "type": "select",
                    "instructions": "",
                    "required": 0,
                    "conditional_logic": 0,
                    "wrapper": {
                        "width": "",
                        "class": "",
                        "id": ""
                    },
                    "choices": {
                        "facebook": "facebook",
                        "pinterest": "pinterest",
                        "twitter": "twitter",
                        "youtube": "youtube",
                        "instagram": "instagram",
                        "linkedin": "linkedin",
                        "google-plus": "google-plus"
                    },
                    "default_value": [],
                    "allow_null": 0,
                    "multiple": 0,
                    "ui": 0,
                    "ajax": 0,
                    "placeholder": "",
                    "disabled": 0,
                    "readonly": 0
                },
                {
                    "key": "field_537ddeef5c36a",
                    "label": "Link",
                    "name": "link",
                    "type": "text",
                    "instructions": "",
                    "required": 0,
                    "conditional_logic": 0,
                    "wrapper": {
                        "width": "",
                        "class": "",
                        "id": ""
                    },
                    "default_value": "",
                    "placeholder": "http:\/\/",
                    "prepend": "",
                    "append": "",
                    "formatting": "none",
                    "maxlength": "",
                    "readonly": 0,
                    "disabled": 0
                }
            ],
            "collapsed": ""
        },
        {
            "key": "field_53c6d1a611004",
            "label": "Use Social media in Main nav",
            "name": "use_social_media_in_main_nav",
            "type": "true_false",
            "instructions": "",
            "required": 0,
            "conditional_logic": 0,
            "wrapper": {
                "width": "",
                "class": "",
                "id": ""
            },
            "message": "",
            "default_value": 0
        },
        {
            "key": "field_552061311b125",
            "label": "Keep Search Box",
            "name": "keep_search_box",
            "type": "true_false",
            "instructions": "",
            "required": 0,
            "conditional_logic": 0,
            "wrapper": {
                "width": "",
                "class": "",
                "id": ""
            },
            "message": "",
            "default_value": 0
        },
        {
            "key": "field_564757d7e2aff",
            "label": "Integrate",
            "name": "",
            "type": "tab",
            "instructions": "",
            "required": 0,
            "conditional_logic": 0,
            "wrapper": {
                "width": "",
                "class": "",
                "id": ""
            },
            "placement": "top",
            "endpoint": 0
        },
        {
            "key": "field_55ba67ba63250",
            "label": "Integrate Xola With This Website",
            "name": "integrate_xola_with_this_website",
            "type": "true_false",
            "instructions": "",
            "required": 0,
            "conditional_logic": 0,
            "wrapper": {
                "width": "",
                "class": "",
                "id": ""
            },
            "message": "",
            "default_value": 0
        },
        {
            "key": "field_5614f601d958a",
            "label": "Xola values",
            "name": "xola_values",
            "type": "textarea",
            "instructions": "",
            "required": 0,
            "conditional_logic": [
                [
                    {
                        "field": "field_55ba67ba63250",
                        "operator": "==",
                        "value": "1"
                    }
                ]
            ],
            "wrapper": {
                "width": "",
                "class": "",
                "id": ""
            },
            "default_value": "xola-checkout\r\nxola-gift\r\nxola-multi-item",
            "placeholder": "",
            "maxlength": "",
            "rows": 4,
            "new_lines": "",
            "readonly": 0,
            "disabled": 0
        },
        {
            "key": "field_56fbaedf8a531",
            "label": "FB ID",
            "name": "fb_id",
            "type": "text",
            "instructions": "needed for Facebook Conversion Pixel",
            "required": 0,
            "conditional_logic": [
                [
                    {
                        "field": "field_55ba67ba63250",
                        "operator": "==",
                        "value": "1"
                    }
                ]
            ],
            "wrapper": {
                "width": "",
                "class": "",
                "id": ""
            },
            "default_value": "",
            "placeholder": "",
            "prepend": "",
            "append": "",
            "maxlength": "",
            "readonly": 0,
            "disabled": 0
        },
        {
            "key": "field_55f08a55f24d7",
            "label": "Integrate Peek With This Website",
            "name": "integrate_peek_with_this_website",
            "type": "true_false",
            "instructions": "",
            "required": 0,
            "conditional_logic": 0,
            "wrapper": {
                "width": "",
                "class": "",
                "id": ""
            },
            "message": "",
            "default_value": 0
        },
        {
            "key": "field_5614f657d1966",
            "label": "Peek values",
            "name": "peek_values",
            "type": "textarea",
            "instructions": "",
            "required": 0,
            "conditional_logic": [
                [
                    {
                        "field": "field_55f08a55f24d7",
                        "operator": "==",
                        "value": "1"
                    }
                ]
            ],
            "wrapper": {
                "width": "",
                "class": "",
                "id": ""
            },
            "default_value": "peek",
            "placeholder": "",
            "maxlength": "",
            "rows": 4,
            "new_lines": "",
            "readonly": 0,
            "disabled": 0
        },
        {
            "key": "field_5648942ce5555",
            "label": "FareHarbor",
            "name": "fareharbor",
            "type": "true_false",
            "instructions": "",
            "required": 0,
            "conditional_logic": 0,
            "wrapper": {
                "width": "",
                "class": "",
                "id": ""
            },
            "message": "",
            "default_value": 0
        },
        {
            "key": "field_564894547eb6c",
            "label": "FareHarbor values",
            "name": "fareharbor_values",
            "type": "textarea",
            "instructions": "",
            "required": 0,
            "conditional_logic": [
                [
                    {
                        "field": "field_5648942ce5555",
                        "operator": "==",
                        "value": "1"
                    }
                ]
            ],
            "wrapper": {
                "width": "",
                "class": "",
                "id": ""
            },
            "default_value": "grid\r\nall-availability\r\ntour-item",
            "placeholder": "",
            "maxlength": "",
            "rows": 4,
            "new_lines": "",
            "readonly": 0,
            "disabled": 0
        },
        {
            "key": "field_564894a57eb6d",
            "label": "FareHarbor shortname",
            "name": "fareharbor_shortname",
            "type": "text",
            "instructions": "for example, atasteofhanoi",
            "required": 0,
            "conditional_logic": [
                [
                    {
                        "field": "field_5648942ce5555",
                        "operator": "==",
                        "value": "1"
                    }
                ]
            ],
            "wrapper": {
                "width": "",
                "class": "",
                "id": ""
            },
            "default_value": "",
            "placeholder": "",
            "prepend": "",
            "append": "",
            "maxlength": "",
            "readonly": 0,
            "disabled": 0
        },
        {
            "key": "field_5674113db0223",
            "label": "GetInSellout",
            "name": "getinsellout",
            "type": "true_false",
            "instructions": "",
            "required": 0,
            "conditional_logic": 0,
            "wrapper": {
                "width": "",
                "class": "",
                "id": ""
            },
            "message": "",
            "default_value": 0
        },
        {
            "key": "field_567411659842f",
            "label": "GetInSellout values",
            "name": "getinsellout_values",
            "type": "textarea",
            "instructions": "",
            "required": 0,
            "conditional_logic": [
                [
                    {
                        "field": "field_5674113db0223",
                        "operator": "==",
                        "value": "1"
                    }
                ]
            ],
            "wrapper": {
                "width": "",
                "class": "",
                "id": ""
            },
            "default_value": "getinsellout",
            "placeholder": "",
            "maxlength": "",
            "rows": 4,
            "new_lines": "",
            "readonly": 0,
            "disabled": 0
        },
        {
            "key": "field_567411ac98430",
            "label": "GetInSellout data-pn",
            "name": "getinsellout_data_pn",
            "type": "text",
            "instructions": "for example, Magic Bus San Francisco",
            "required": 0,
            "conditional_logic": [
                [
                    {
                        "field": "field_5674113db0223",
                        "operator": "==",
                        "value": "1"
                    }
                ]
            ],
            "wrapper": {
                "width": "",
                "class": "",
                "id": ""
            },
            "default_value": "",
            "placeholder": "",
            "prepend": "",
            "append": "",
            "maxlength": "",
            "readonly": 0,
            "disabled": 0
        },
        {
            "key": "field_567411de98431",
            "label": "GetInSellout data-url",
            "name": "getinsellout_data_url",
            "type": "text",
            "instructions": "for example, http:\/\/magicbussf.com\/",
            "required": 0,
            "conditional_logic": [
                [
                    {
                        "field": "field_5674113db0223",
                        "operator": "==",
                        "value": "1"
                    }
                ]
            ],
            "wrapper": {
                "width": "",
                "class": "",
                "id": ""
            },
            "default_value": "",
            "placeholder": "",
            "prepend": "",
            "append": "",
            "maxlength": "",
            "readonly": 0,
            "disabled": 0
        },
        {
            "key": "field_5674120598432",
            "label": "GetInSellout data-evt",
            "name": "getinsellout_data_evt",
            "type": "text",
            "instructions": "for example, https:\/\/my.getinsellout.com\/providers\/magic-bus-san-francisco",
            "required": 0,
            "conditional_logic": [
                [
                    {
                        "field": "field_5674113db0223",
                        "operator": "==",
                        "value": "1"
                    }
                ]
            ],
            "wrapper": {
                "width": "",
                "class": "",
                "id": ""
            },
            "default_value": "",
            "placeholder": "",
            "prepend": "",
            "append": "",
            "maxlength": "",
            "readonly": 0,
            "disabled": 0
        },
        {
            "key": "field_569d09b4435c8",
            "label": "TrekkSoft",
            "name": "trekksoft",
            "type": "true_false",
            "instructions": "",
            "required": 0,
            "conditional_logic": 0,
            "wrapper": {
                "width": "",
                "class": "",
                "id": ""
            },
            "message": "",
            "default_value": 0
        },
        {
            "key": "field_569d09dfe268d",
            "label": "TrekkSoft values",
            "name": "trekksoft_values",
            "type": "textarea",
            "instructions": "",
            "required": 0,
            "conditional_logic": [
                [
                    {
                        "field": "field_569d09b4435c8",
                        "operator": "==",
                        "value": "1"
                    }
                ]
            ],
            "wrapper": {
                "width": "",
                "class": "",
                "id": ""
            },
            "default_value": "tour_details\r\ntour_finder",
            "placeholder": "",
            "maxlength": "",
            "rows": 4,
            "new_lines": "",
            "readonly": 0,
            "disabled": 0
        },
        {
            "key": "field_569d0a5ce268e",
            "label": "TrekkSoft account",
            "name": "trekksoft_account",
            "type": "text",
            "instructions": "for example, \"labicicleta\". whereas, \"labicicleta.trekksoft.com\"",
            "required": 0,
            "conditional_logic": [
                [
                    {
                        "field": "field_569d09b4435c8",
                        "operator": "==",
                        "value": "1"
                    }
                ]
            ],
            "wrapper": {
                "width": "",
                "class": "",
                "id": ""
            },
            "default_value": "",
            "placeholder": "",
            "prepend": "",
            "append": "",
            "maxlength": "",
            "readonly": 0,
            "disabled": 0
        },
        {
            "key": "field_5707bc2f30382",
            "label": "Rezdy",
            "name": "rezdy",
            "type": "true_false",
            "instructions": "",
            "required": 0,
            "conditional_logic": 0,
            "wrapper": {
                "width": "",
                "class": "",
                "id": ""
            },
            "message": "",
            "default_value": 0
        },
        {
            "key": "field_5707bc60b10dd",
            "label": "Rezdy values",
            "name": "rezdy_values",
            "type": "textarea",
            "instructions": "",
            "required": 0,
            "conditional_logic": [
                [
                    {
                        "field": "field_5707bc2f30382",
                        "operator": "==",
                        "value": "1"
                    }
                ]
            ],
            "wrapper": {
                "width": "",
                "class": "",
                "id": ""
            },
            "default_value": "rezdy",
            "placeholder": "",
            "maxlength": "",
            "rows": 4,
            "new_lines": "",
            "readonly": 0,
            "disabled": 0
        },
        {
            "key": "field_57bd7efe8b271",
            "label": "Zaui",
            "name": "zaui",
            "type": "true_false",
            "instructions": "",
            "required": 0,
            "conditional_logic": 0,
            "wrapper": {
                "width": "",
                "class": "",
                "id": ""
            },
            "message": "",
            "default_value": 0
        },
        {
            "key": "field_57bd7f35be6a9",
            "label": "Zaui values",
            "name": "zaui_values",
            "type": "textarea",
            "instructions": "",
            "required": 0,
            "conditional_logic": [
                [
                    {
                        "field": "field_57bd7efe8b271",
                        "operator": "==",
                        "value": "1"
                    }
                ]
            ],
            "wrapper": {
                "width": "",
                "class": "",
                "id": ""
            },
            "default_value": "zaui",
            "placeholder": "",
            "maxlength": "",
            "rows": 4,
            "new_lines": "",
            "readonly": 0,
            "disabled": 0
        },
        {
            "key": "field_564757f5e2b00",
            "label": "Style",
            "name": "",
            "type": "tab",
            "instructions": "",
            "required": 0,
            "conditional_logic": 0,
            "wrapper": {
                "width": "",
                "class": "",
                "id": ""
            },
            "placement": "top",
            "endpoint": 0
        },
        {
            "key": "field_54db5b84e857b",
            "label": "Sticky Menu",
            "name": "sticky_menu",
            "type": "true_false",
            "instructions": "",
            "required": 0,
            "conditional_logic": 0,
            "wrapper": {
                "width": "",
                "class": "",
                "id": ""
            },
            "message": "",
            "default_value": 0
        },
        {
            "key": "field_54f5d41b160fc",
            "label": "All-Caps on Menu",
            "name": "all_caps_on_menu",
            "type": "true_false",
            "instructions": "",
            "required": 0,
            "conditional_logic": 0,
            "wrapper": {
                "width": "",
                "class": "",
                "id": ""
            },
            "message": "",
            "default_value": 0
        },
        {
            "key": "field_56c31f2c3377a",
            "label": "Menu Type",
            "name": "menu_type",
            "type": "radio",
            "instructions": "",
            "required": 0,
            "conditional_logic": 0,
            "wrapper": {
                "width": "",
                "class": "",
                "id": ""
            },
            "choices": {
                "Regular": "Regular",
                "Split by Logo in center": "Split by Logo in center",
                "Logo Centered & Above Menu": "Logo Centered & Above Menu"
            },
            "other_choice": 0,
            "save_other_choice": 0,
            "default_value": "Regular",
            "layout": "horizontal",
            "allow_null": 0
        },
        {
            "key": "field_55dc77cac5ef8",
            "label": "Testimonials Type",
            "name": "testimonials_type",
            "type": "radio",
            "instructions": "",
            "required": 0,
            "conditional_logic": 0,
            "wrapper": {
                "width": "",
                "class": "",
                "id": ""
            },
            "choices": {
                "Bubble": "Bubble",
                "Scrolling": "Scrolling"
            },
            "other_choice": 0,
            "save_other_choice": 0,
            "default_value": "Bubble",
            "layout": "horizontal",
            "allow_null": 0
        },
        {
            "key": "field_5527f8ac628cf",
            "label": "Hero Headline Dropshadow",
            "name": "hero_headline_dropshadow",
            "type": "radio",
            "instructions": "",
            "required": 0,
            "conditional_logic": 0,
            "wrapper": {
                "width": "",
                "class": "",
                "id": ""
            },
            "choices": {
                "None": "None",
                "Light": "Light",
                "Medium": "Medium",
                "Strong": "Strong",
                "Extra Strong": "Extra Strong"
            },
            "other_choice": 0,
            "save_other_choice": 0,
            "default_value": "None",
            "layout": "horizontal",
            "allow_null": 0
        },
        {
            "key": "field_5527f8ec628d0",
            "label": "Hero Content Dropshadow",
            "name": "hero_content_dropshadow",
            "type": "radio",
            "instructions": "",
            "required": 0,
            "conditional_logic": 0,
            "wrapper": {
                "width": "",
                "class": "",
                "id": ""
            },
            "choices": {
                "None": "None",
                "Light": "Light",
                "Medium": "Medium",
                "Strong": "Strong",
                "Extra Strong": "Extra Strong"
            },
            "other_choice": 0,
            "save_other_choice": 0,
            "default_value": "None",
            "layout": "horizontal",
            "allow_null": 0
        },
        {
            "key": "field_55a662010ce66",
            "label": "Customize",
            "name": "customize",
            "type": "flexible_content",
            "instructions": "Font Weight values reference: Thin 100, Extra-Light 200, Light 300, Normal 400, Medium 500, Semi-Bold 600, Bold 700, Extra-Bold 800, Ultra-Bold 900",
            "required": 0,
            "conditional_logic": 0,
            "wrapper": {
                "width": "",
                "class": "",
                "id": ""
            },
            "button_label": "Add Target",
            "min": "",
            "max": "",
            "layouts": [
                {
                    "key": "563384e3dd83e",
                    "name": "logo_image",
                    "label": "Logo Image",
                    "display": "row",
                    "sub_fields": [
                        {
                            "key": "field_56338508dd83f",
                            "label": "Custom Options",
                            "name": "custom_options",
                            "type": "checkbox",
                            "instructions": "Extra options for Logo image behavior. 1) \"Positioned Image\" option suits for Larger Logos. While image is positioned, it does not push the content of Hero area down. However, positioned image exceeds \"Header Background\" area, so do not use this option if Header Background has a color value applied.",
                            "required": 0,
                            "conditional_logic": 0,
                            "wrapper": {
                                "width": "",
                                "class": "",
                                "id": ""
                            },
                            "choices": {
                                "Positioned Image": "Positioned Image"
                            },
                            "default_value": [],
                            "layout": "horizontal",
                            "toggle": 0
                        },
                        {
                            "key": "field_5651c5bdc3486",
                            "label": "Top",
                            "name": "top_pos",
                            "type": "number",
                            "instructions": "top coordinates",
                            "required": 0,
                            "conditional_logic": 0,
                            "wrapper": {
                                "width": "",
                                "class": "",
                                "id": ""
                            },
                            "default_value": 0,
                            "placeholder": "",
                            "prepend": "",
                            "append": "",
                            "min": "",
                            "max": "",
                            "step": "",
                            "readonly": 0,
                            "disabled": 0
                        }
                    ],
                    "min": "",
                    "max": ""
                },
                {
                    "key": "55a664e3a004e",
                    "name": "menu_primary",
                    "label": "Menu - Primary",
                    "display": "row",
                    "sub_fields": [
                        {
                            "key": "field_562cf50b1e73e",
                            "label": "Desktop Menu Wrapper top margin",
                            "name": "desktop_menu_wrapper_top_margin",
                            "type": "number",
                            "instructions": "",
                            "required": 0,
                            "conditional_logic": 0,
                            "wrapper": {
                                "width": "",
                                "class": "",
                                "id": ""
                            },
                            "default_value": "",
                            "placeholder": "",
                            "prepend": "",
                            "append": "",
                            "min": "",
                            "max": "",
                            "step": "",
                            "readonly": 0,
                            "disabled": 0
                        },
                        {
                            "key": "field_5731e1a872fcc",
                            "label": "Logo height",
                            "name": "logo_height",
                            "type": "number",
                            "instructions": "Logo height in pixels. It will make the header size change.",
                            "required": 0,
                            "conditional_logic": 0,
                            "wrapper": {
                                "width": "",
                                "class": "",
                                "id": ""
                            },
                            "default_value": 66,
                            "placeholder": "default is 66",
                            "prepend": "",
                            "append": "",
                            "min": 50,
                            "max": 200,
                            "step": 1,
                            "readonly": 0,
                            "disabled": 0
                        },
                        {
                            "key": "field_562cf5191e73f",
                            "label": "iPad Menu Wrapper top margin",
                            "name": "ipad_menu_wrapper_top_margin",
                            "type": "number",
                            "instructions": "",
                            "required": 0,
                            "conditional_logic": 0,
                            "wrapper": {
                                "width": "",
                                "class": "",
                                "id": ""
                            },
                            "default_value": "",
                            "placeholder": "",
                            "prepend": "",
                            "append": "",
                            "min": "",
                            "max": "",
                            "step": "",
                            "readonly": 0,
                            "disabled": 0
                        },
                        {
                            "key": "field_55a6651ca004f",
                            "label": "Top item::font weight",
                            "name": "top_item_font_weight",
                            "type": "select",
                            "instructions": "",
                            "required": 0,
                            "conditional_logic": 0,
                            "wrapper": {
                                "width": "",
                                "class": "",
                                "id": ""
                            },
                            "choices": {
                                "100": 100,
                                "200": 200,
                                "300": 300,
                                "400": 400,
                                "500": 500,
                                "600": 600,
                                "700": 700,
                                "800": 800,
                                "900": 900
                            },
                            "default_value": [
                                400
                            ],
                            "allow_null": 0,
                            "multiple": 0,
                            "ui": 0,
                            "ajax": 0,
                            "placeholder": "",
                            "disabled": 0,
                            "readonly": 0
                        },
                        {
                            "key": "field_55a667576bf40",
                            "label": "Submenu item::font weight",
                            "name": "submenu_item_font_weight",
                            "type": "select",
                            "instructions": "",
                            "required": 0,
                            "conditional_logic": 0,
                            "wrapper": {
                                "width": "",
                                "class": "",
                                "id": ""
                            },
                            "choices": {
                                "100": 100,
                                "200": 200,
                                "300": 300,
                                "400": 400,
                                "500": 500,
                                "600": 600,
                                "700": 700,
                                "800": 800,
                                "900": 900
                            },
                            "default_value": [
                                400
                            ],
                            "allow_null": 0,
                            "multiple": 0,
                            "ui": 0,
                            "ajax": 0,
                            "placeholder": "",
                            "disabled": 0,
                            "readonly": 0
                        },
                        {
                            "key": "field_55a667ae6bf41",
                            "label": "CTA Button::font weight",
                            "name": "cta_button_font_weight",
                            "type": "select",
                            "instructions": "",
                            "required": 0,
                            "conditional_logic": 0,
                            "wrapper": {
                                "width": "",
                                "class": "",
                                "id": ""
                            },
                            "choices": {
                                "100": 100,
                                "200": 200,
                                "300": 300,
                                "400": 400,
                                "500": 500,
                                "600": 600,
                                "700": 700,
                                "800": 800,
                                "900": 900
                            },
                            "default_value": [
                                400
                            ],
                            "allow_null": 0,
                            "multiple": 0,
                            "ui": 0,
                            "ajax": 0,
                            "placeholder": "",
                            "disabled": 0,
                            "readonly": 0
                        },
                        {
                            "key": "field_562cf55b1e740",
                            "label": "iPad Top item::text",
                            "name": "ipad_top_item_text",
                            "type": "number",
                            "instructions": "",
                            "required": 0,
                            "conditional_logic": 0,
                            "wrapper": {
                                "width": "",
                                "class": "",
                                "id": ""
                            },
                            "default_value": "",
                            "placeholder": "",
                            "prepend": "",
                            "append": "",
                            "min": "",
                            "max": "",
                            "step": "",
                            "readonly": 0,
                            "disabled": 0
                        },
                        {
                            "key": "field_562cf57a1e741",
                            "label": "iPad Submenu item::text",
                            "name": "ipad_submenu_item_text",
                            "type": "number",
                            "instructions": "",
                            "required": 0,
                            "conditional_logic": 0,
                            "wrapper": {
                                "width": "",
                                "class": "",
                                "id": ""
                            },
                            "default_value": "",
                            "placeholder": "",
                            "prepend": "",
                            "append": "",
                            "min": "",
                            "max": "",
                            "step": "",
                            "readonly": 0,
                            "disabled": 0
                        }
                    ],
                    "min": "",
                    "max": ""
                },
                {
                    "key": "55a6620f04b62",
                    "name": "hero_area",
                    "label": "Hero Area",
                    "display": "block",
                    "sub_fields": [
                        {
                            "key": "field_55a6622e0ce67",
                            "label": "Title::font weight",
                            "name": "title_font_weight",
                            "type": "select",
                            "instructions": "",
                            "required": 0,
                            "conditional_logic": 0,
                            "wrapper": {
                                "width": "",
                                "class": "",
                                "id": ""
                            },
                            "choices": {
                                "100": 100,
                                "200": 200,
                                "300": 300,
                                "400": 400,
                                "500": 500,
                                "600": 600,
                                "700": 700,
                                "800": 800,
                                "900": 900
                            },
                            "default_value": [
                                400
                            ],
                            "allow_null": 0,
                            "multiple": 0,
                            "ui": 0,
                            "ajax": 0,
                            "placeholder": "",
                            "disabled": 0,
                            "readonly": 0
                        },
                        {
                            "key": "field_55a6644ba004d",
                            "label": "Content::font weight",
                            "name": "content_font_weight",
                            "type": "select",
                            "instructions": "",
                            "required": 0,
                            "conditional_logic": 0,
                            "wrapper": {
                                "width": "",
                                "class": "",
                                "id": ""
                            },
                            "choices": {
                                "100": 100,
                                "200": 200,
                                "300": 300,
                                "400": 400,
                                "500": 500,
                                "600": 600,
                                "700": 700,
                                "800": 800,
                                "900": 900
                            },
                            "default_value": [
                                400
                            ],
                            "allow_null": 0,
                            "multiple": 0,
                            "ui": 0,
                            "ajax": 0,
                            "placeholder": "",
                            "disabled": 0,
                            "readonly": 0
                        },
                        {
                            "key": "field_55a66863809ae",
                            "label": "CTA Button::font weight",
                            "name": "cta_button_font_weight",
                            "type": "select",
                            "instructions": "",
                            "required": 0,
                            "conditional_logic": 0,
                            "wrapper": {
                                "width": "",
                                "class": "",
                                "id": ""
                            },
                            "choices": {
                                "100": 100,
                                "200": 200,
                                "300": 300,
                                "400": 400,
                                "500": 500,
                                "600": 600,
                                "700": 700,
                                "800": 800,
                                "900": 900
                            },
                            "default_value": [
                                400
                            ],
                            "allow_null": 0,
                            "multiple": 0,
                            "ui": 0,
                            "ajax": 0,
                            "placeholder": "",
                            "disabled": 0,
                            "readonly": 0
                        }
                    ],
                    "min": "",
                    "max": ""
                },
                {
                    "key": "56fbc55a1d1c1",
                    "name": "featured_tour",
                    "label": "Featured Tour",
                    "display": "block",
                    "sub_fields": [
                        {
                            "key": "field_56fbc5851d1c2",
                            "label": "Title Dropshadow",
                            "name": "title_dropshadow",
                            "type": "radio",
                            "instructions": "",
                            "required": 0,
                            "conditional_logic": 0,
                            "wrapper": {
                                "width": "",
                                "class": "",
                                "id": ""
                            },
                            "choices": {
                                "None": "None",
                                "Light": "Light",
                                "Medium": "Medium",
                                "Strong": "Strong",
                                "Extra Strong": "Extra Strong"
                            },
                            "other_choice": 0,
                            "save_other_choice": 0,
                            "default_value": "None",
                            "layout": "horizontal",
                            "allow_null": 0
                        }
                    ],
                    "min": "",
                    "max": ""
                }
            ]
        }
    ],
    "location": [
        [
            {
                "param": "options_page",
                "operator": "==",
                "value": "acf-options-company-details"
            }
        ]
    ],
    "menu_order": 0,
    "position": "normal",
    "style": "seamless",
    "label_placement": "top",
    "instruction_placement": "label",
    "hide_on_screen": "",
    "active": 1,
    "description": "",
    "modified": 1472036757
}