{
    "key": "group_557b163096c4d",
    "title": "Page margins",
    "fields": [
        {
            "key": "field_53cff5482bd5d",
            "label": "Hero elements top margin",
            "name": "hero_elements_top_margin",
            "type": "number",
            "instructions": "",
            "required": 0,
            "conditional_logic": 0,
            "wrapper": {
                "width": "",
                "class": "",
                "id": ""
            },
            "default_value": "",
            "placeholder": "",
            "prepend": "",
            "append": "",
            "min": "",
            "max": "",
            "step": 1,
            "readonly": 0,
            "disabled": 0
        }
    ],
    "location": [
        [
            {
                "param": "post_type",
                "operator": "==",
                "value": "page"
            },
            {
                "param": "page_template",
                "operator": "!=",
                "value": "page-templates\/front-page2.php"
            },
            {
                "param": "page_template",
                "operator": "!=",
                "value": "page-templates\/front-page3.php"
            }
        ],
        [
            {
                "param": "post_type",
                "operator": "==",
                "value": "tour"
            }
        ]
    ],
    "menu_order": 0,
    "position": "acf_after_title",
    "style": "seamless",
    "label_placement": "top",
    "instruction_placement": "label",
    "hide_on_screen": "",
    "modified": 1434276992
}