{
    "key": "group_557b16314a230",
    "title": "FAQ",
    "fields": [
        {
            "key": "field_539b0d8313701",
            "label": "Question + Answer Section",
            "name": "question_answer_section",
            "type": "flexible_content",
            "instructions": "",
            "required": 0,
            "conditional_logic": 0,
            "wrapper": {
                "width": "",
                "class": "",
                "id": ""
            },
            "button_label": "Add New Section of questions",
            "min": "",
            "max": "",
            "layouts": [
                {
                    "key": "557b16314db90",
                    "name": "question_answer",
                    "label": "Question Answer",
                    "display": "row",
                    "sub_fields": [
                        {
                            "key": "field_539b0db013702",
                            "label": "Headline",
                            "name": "headline",
                            "type": "text",
                            "instructions": "",
                            "required": 0,
                            "conditional_logic": 0,
                            "wrapper": {
                                "width": "",
                                "class": "",
                                "id": ""
                            },
                            "default_value": "",
                            "placeholder": "",
                            "prepend": "",
                            "append": "",
                            "formatting": "none",
                            "maxlength": "",
                            "readonly": 0,
                            "disabled": 0
                        },
                        {
                            "key": "field_539b0dcf13703",
                            "label": "Question Answer pair",
                            "name": "question_answer_pair",
                            "type": "repeater",
                            "instructions": "",
                            "required": 0,
                            "conditional_logic": 0,
                            "wrapper": {
                                "width": "",
                                "class": "",
                                "id": ""
                            },
                            "row_min": "",
                            "row_limit": "",
                            "layout": "table",
                            "button_label": "Add Row",
                            "min": 0,
                            "max": 0,
                            "sub_fields": [
                                {
                                    "key": "field_539b0ddf13704",
                                    "label": "Question",
                                    "name": "question",
                                    "type": "textarea",
                                    "instructions": "",
                                    "required": 0,
                                    "conditional_logic": 0,
                                    "wrapper": {
                                        "width": "",
                                        "class": "",
                                        "id": ""
                                    },
                                    "default_value": "",
                                    "placeholder": "",
                                    "maxlength": "",
                                    "rows": 5,
                                    "new_lines": "br",
                                    "readonly": 0,
                                    "disabled": 0
                                },
                                {
                                    "key": "field_539b0dfe13705",
                                    "label": "Answer",
                                    "name": "answer",
                                    "type": "textarea",
                                    "instructions": "",
                                    "required": 0,
                                    "conditional_logic": 0,
                                    "wrapper": {
                                        "width": "",
                                        "class": "",
                                        "id": ""
                                    },
                                    "default_value": "",
                                    "placeholder": "",
                                    "maxlength": "",
                                    "rows": 5,
                                    "new_lines": "br",
                                    "readonly": 0,
                                    "disabled": 0
                                }
                            ]
                        }
                    ],
                    "min": "",
                    "max": ""
                }
            ]
        }
    ],
    "location": [
        [
            {
                "param": "page_template",
                "operator": "==",
                "value": "page-templates\/faq-page.php"
            }
        ]
    ],
    "menu_order": 1,
    "position": "acf_after_title",
    "style": "seamless",
    "label_placement": "top",
    "instruction_placement": "label",
    "hide_on_screen": "",
    "modified": 1434277076
}